segment_id,district,active,sensor_count,length_m,edge_count,line_part_ids,route,county,direction,align_code,route_type,pm_route_ids,start_vertex,end_vertex,centroid_lon,centroid_lat,mapped_sensor_ids,active_component_rank,retained_active_giant,mapped_sensor_count
D7_RS000000,D7,1,4,1590.8385508659128,12,D7_L00000,71,LA,SB,Right,State,LA.071.R.R,D7_VN000000,D7_VN000012,-117.75026105177014,34.024083158746706,766685;766686;767175;767176,1,1,4
D7_RS000001,D7,1,7,3686.3389863609514,27,D7_L00001,71,LA,SB,Right,State,LA.071...R,D7_VN000013,D7_VN000000,-117.77484042590909,34.04741867892874,767171;769292;769293;769294;769295;775100;775102,1,1,7
D7_RS000003,D7,1,3,1432.073998109184,17,D7_L00003,71,LA,SB,Right,State,LA.071.R.R,D7_VN000045,D7_VN000040,-117.79540633296057,34.063889478893884,716271;767167;767168,1,1,3
D7_RS000008,D7,1,6,3732.9472404776457,27,D7_L00006,71,LA,NB,Left,State,LA.071...L,D7_VN000013,D7_VN000184,-117.77479798311701,34.047483239579556,766673;766674;769279;769282;775101;775103,1,1,6
D7_RS000016,D7,1,14,5038.524576650061,55,D7_L00014,60,LA,EB,Right,State,LA.060.R.R,D7_VN000244,D7_VN000299,-118.18300452016558,34.03285107287418,716208;716209;716213;717264;717265;717267;717268;767777;768434;768435;768436;773258;773274;773281,1,1,14
D7_RS000017,D7,1,11,5024.446448988992,43,D7_L00014,60,LA,EB,Right,State,LA.060.R.R,D7_VN000299,D7_VN000342,-118.1237239440777,34.03435049296921,716215;716216;717272;717273;717279;767698;768444;773222;773232;773293;773304,1,1,11
D7_RS000018,D7,1,10,1139.6394199075596,14,D7_L00014,60,LA,EB,Right,State,LA.060.R.R,D7_VN000342,D7_VN000356,-118.08986683700043,34.03678602880223,716220;716221;716222;717284;717285;717287;717288;717290;773245;773342,1,1,10
D7_RS000019,D7,1,2,38.41388810170123,1,D7_L00015,60,LA,EB,Right,State,LA.060...R,D7_VN000357,D7_VN000244,-118.21628527513147,34.02904463566185,716205;717262,1,1,2
D7_RS000020,D7,1,22,5015.533273319709,45,D7_L00016,60,LA,WB,Left,State,LA.060...L,D7_VN000358,D7_VN000403,-118.05059844029371,34.038644150395385,716225;716227;716229;716230;716232;716233;716880;717297;717298;717299;717300;717302;717303;717306;717314;717315;717316;718455;718456;773316;773317;773329,1,1,22
D7_RS000021,D7,1,18,5057.010237298786,54,D7_L00016,60,LA,WB,Left,State,LA.060...L,D7_VN000403,D7_VN000457,-117.99899222779064,34.02414965318499,716238;716239;716240;716241;717318;717319;717320;718453;767723;769454;773407;773458;773459;773462;773542;773543;774620;774968,1,1,18
D7_RS000022,D7,1,28,5226.502844860095,26,D7_L00016,60,LA,WB,Left,State,LA.060...L,D7_VN000457,D7_VN000483,-117.94708806617834,34.001870725691596,716244;716245;716249;716250;716251;716253;717324;717326;717330;717331;717332;717336;717337;718124;773422;773423;773474;773478;773490;773491;773522;773523;774624;774630;774634;775328;775337;775339,1,1,28
D7_RS000023,D7,1,18,3854.8230142328894,20,D7_L00016,60,LA,WB,Left,State,LA.060...L,D7_VN000483,D7_VN000503,-117.89711920399193,33.99442836144279,716255;716256;716258;716260;717339;717341;717342;717349;717350;718125;773535;773536;773537;773538;775333;775343;775345;775347,1,1,18
D7_RS000025,D7,1,3,639.164939169982,9,D7_L00018,60,LA,WB,Left,State,LA.060...L,D7_VN000506,D7_VN000504,-118.21984325280252,34.02954753618485,716204;764418;772466,1,1,3
D7_RS000026,D7,1,18,5093.069238194452,45,D7_L00019,57,LA,NB,Right,State,LA.057.R.R,D7_VN000515,D7_VN000559,-117.81037844294998,34.07093546449244,716203;718356;764094;764096;764371;764386;764420;768793;768794;768795;768796;768797;774783;774787;774841;774901;774902;774903,1,1,18
D7_RS000027,D7,1,11,2085.9212608128796,25,D7_L00019,57,LA,NB,Right,State,LA.057.R.R,D7_VN000559,D7_VN000584,-117.82080711087612,34.10265092847476,718051;718053;761410;761412;761423;761426;768779;768780;774799;774890;774891,1,1,11
D7_RS000032,D7,1,5,5091.986454709493,44,D7_L00022,57,LA,SB,Left,State,LA.057.R.L,D7_VN000515,D7_VN000781,-117.81024816413354,34.07000240125098,716885;716945;718054;763649;774842,1,1,5
D7_RS000033,D7,1,7,2171.411189890381,20,D7_L00022,57,LA,SB,Left,State,LA.057.R.L,D7_VN000781,D7_VN000584,-117.82106106553783,34.103404320566426,716767;716790;716872;718050;718052;767671;774800,1,1,7
D7_RS000034,D7,1,12,2641.301084880158,29,D7_L00023,57,LA,SB,Left,State,LA.057...L,D7_VN000787,D7_VN000515,-117.80575067186669,34.037260833313574,718024;718121;718122;718449;763563;763573;763578;763583;763857;763861;763864;774878,1,1,12
D7_RS000041,D7,1,2,1955.8044200944564,15,D7_L00027,47,LA,NB,Right,State,LA.047...R,D7_VN000970,D7_VN000985,-118.26832603619076,33.749550382118315,772420;772421,1,1,2
D7_RS000043,D7,1,2,236.7112294045611,4,D7_L00029,47,LA,NB,Right,State,LA.047.L.R,D7_VN000992,D7_VN000986,-118.29125386074502,33.75132866004252,772382;772385,1,1,2
D7_RS000101,D7,1,5,337.2238191715664,3,D7_L00063,60,LA,WB,Left,State,LA.060.R.L,D7_VN000356,D7_VN000358,-118.08117866251033,34.03928683124923,716223;716224;717292;717293;717294,1,1,5
D7_RS000107,D7,1,18,5040.878734186313,66,D7_L00069,23,VEN,NB,Right,State,VEN023.R.R,D7_VN003104,D7_VN003170,-118.85592142178358,34.197193207369224,771253;771255;771256;771268;771269;771270;771285;771286;771294;771306;771307;771308;771318;771319;771349;771542;771543;771578,1,1,18
D7_RS000108,D7,1,12,5063.799962414509,50,D7_L00069,23,VEN,NB,Right,State,VEN023.R.R,D7_VN003170,D7_VN003220,-118.8430389317029,34.24306722071062,771329;771330;771331;771340;771341;771360;771361;771362;771371;771372;771386;771396,1,1,12
D7_RS000109,D7,1,9,2413.6312886062447,18,D7_L00069,23,VEN,NB,Right,State,VEN023.R.R,D7_VN003220,D7_VN003092,-118.85604985419343,34.27307000525389,771410;771411;771421;771422;771431;771441;771442;771443;776338,1,1,9
D7_RS000115,D7,1,12,5012.522827089656,66,D7_L00074,23,VEN,SB,Left,State,VEN023.R.L,D7_VN003335,D7_VN003394,-118.85610758373763,34.19799651532903,771254;771295;771350;771531;771532;771553;771554;771555;771565;771566;771577;776334,1,1,12
D7_RS000116,D7,1,14,5062.659326594125,49,D7_L00074,23,VEN,SB,Left,State,VEN023.R.L,D7_VN003394,D7_VN003442,-118.84351145727267,34.24339709796554,771385;771400;771475;771476;771488;771489;771490;771499;771500;771509;771510;771521;771522;776336,1,1,14
D7_RS000117,D7,1,7,2365.289471413255,20,D7_L00074,23,VEN,SB,Left,State,VEN023.R.L,D7_VN003442,D7_VN003092,-118.85720222651997,34.27395966263704,771432;771453;771454;771463;771464;776340;776717,1,1,7
D7_RS000130,D7,1,1,357.0998082096683,3,D7_L00085,57,LA,NB,Right,State,LA.057.R.R,D7_VN003652,D7_VN000787,-117.81257902517694,34.02409502111816,774866,1,1,1
D7_RS000137,D7,1,26,5028.536774099495,49,D7_L00089,60,LA,WB,Left,State,LA.060.R.L,D7_VN000503,D7_VN003719,-117.84567682034223,34.00141672416872,716262;716267;717354;717355;717360;717361;718126;773437;773438;774125;774126;774127;774165;774181;774183;774946;774948;775349;775353;775355;776657;776658;776659;776690;776691;776692,1,1,26
D7_RS000138,D7,1,9,5078.3315020013815,66,D7_L00089,60,LA,WB,Left,State,LA.060.R.L,D7_VN003719,D7_VN003784,-117.8003674354991,34.02305036748232,766788;766789;766790;766791;774926;774928;774930;774958;774959,1,1,9
D7_RS000139,D7,1,28,3771.164338530214,49,D7_L00089,60,LA,WB,Left,State,LA.060.R.L,D7_VN003784,D7_VN002401,-117.7555550516358,34.02439491467763,716269;718457;763872;763874;765456;765461;766570;766571;766584;766585;766586;766587;766621;766622;766623;766641;766642;766643;766644;766645;766829;774475;774476;774477;774478;774491;774492;774493,1,1,28
D7_RS000167,D7,1,3,5041.973868755239,54,D7_L00097,10S,LA,EB,Right,Interstate,LA.010S..R,D7_VN004753,D7_VN004807,-118.19179333210549,34.057634226732745,718020;762432;764941,1,1,3
D7_RS000168,D7,1,3,5057.644283371885,25,D7_L00097,10S,LA,EB,Right,Interstate,LA.010S..R,D7_VN004807,D7_VN004832,-118.12830438095031,34.0709582972208,716100;717090;717091,1,1,3
D7_RS000169,D7,1,4,5081.43092834123,22,D7_L00097,10S,LA,EB,Right,Interstate,LA.010S..R,D7_VN004832,D7_VN004854,-118.06370229124377,34.07212891155256,716117;717124;717125;762502,1,1,4
D7_RS000170,D7,1,3,612.3315375253135,8,D7_L00098,10,LA,EB,Right,Interstate,LA.010.S.R,D7_VN004762,D7_VN004860,-118.21889581384042,34.054633784815366,716028;737320;762404,1,1,3
D7_RS000171,D7,1,55,5072.318989988913,50,D7_L00099,10,LA,WB,Left,Interstate,LA.010...L,D7_VN004860,D7_VN004896,-118.17957301223838,34.05893149213054,716067;716069;716074;716084;716086;716089;717048;717049;717052;717053;717060;717065;717070;717071;717072;717073;718332;718428;737344;737345;762408;762409;762413;762436;762441;762472;762474;762480;762484;765207;768458;774538;774539;774549;774550;774556;774557;774564;774578;774579;774580;774592;774593;774594;774595;774596;774597;774598;774599;774605;776906;776907;776908;776909;777169,1,1,55
D7_RS000172,D7,1,31,5074.832153445391,34,D7_L00099,10,LA,WB,Left,Interstate,LA.010...L,D7_VN004896,D7_VN004835,-118.11770488002144,34.07169429659044,716091;716094;716096;716098;716104;716106;716108;716110;716112;717078;717079;717080;717081;717086;717087;717094;717095;717100;717101;717108;717111;717112;717115;717116;762486;762488;762494;762496;762498;767422;768724,1,1,31
D7_RS000173,D7,1,25,5002.429659996281,38,D7_L00099,10,LA,WB,Left,Interstate,LA.010...L,D7_VN004835,D7_VN004947,-118.05877387687192,34.07115349309043,716114;716116;716119;716124;716127;717118;717119;717120;717121;717128;717129;717134;717135;717139;717141;717142;717145;762468;762470;762500;762504;764723;768738;774441;774442,1,1,25
D7_RS000174,D7,1,35,5006.609729916415,48,D7_L00099,10,LA,WB,Left,Interstate,LA.010...L,D7_VN004947,D7_VN004995,-118.00421183801816,34.0664273089896,716129;716131;716134;716135;716136;716138;717149;717150;717153;717154;717157;717159;717160;717162;717166;717167;718331;767329;768174;768176;768177;768178;768179;768741;768746;768752;768753;775029;775031;775552;775553;775554;777738;777747;777751,1,1,35
D7_RS000175,D7,1,25,5215.32163206843,35,D7_L00099,10,LA,WB,Left,Interstate,LA.010...L,D7_VN004995,D7_VN005030,-117.94560795949737,34.07137734364361,716139;716141;716144;716146;716148;716149;716150;716153;717168;717169;717170;717171;717175;717176;717183;717184;717185;717187;717191;717192;764227;767395;767397;767429;777292,1,1,25
D7_RS000176,D7,1,34,5031.469217157552,41,D7_L00099,10,LA,WB,Left,Interstate,LA.010...L,D7_VN005030,D7_VN005071,-117.87973467601218,34.07113702123577,716154;716156;716157;716158;716159;716161;716162;716164;716165;716166;716168;717196;717198;717199;717200;717202;717206;717207;717209;717211;717213;717214;717215;717216;717220;717223;717224;759961;763731;764201;767399;767427;767431;767433,1,1,34
D7_RS000177,D7,1,13,5451.935729179671,48,D7_L00099,10,LA,WB,Left,Interstate,LA.010...L,D7_VN005071,D7_VN005117,-117.82732564273162,34.06620960183986,716170;716174;716176;716178;717225;717226;717234;717235;717238;764206;767419;768370;768375,1,1,13
D7_RS000178,D7,1,34,5030.256245607418,40,D7_L00099,10,LA,WB,Left,Interstate,LA.010...L,D7_VN005117,D7_VN005157,-117.76941187375448,34.07253978258207,716182;716184;716185;716188;716189;716190;716191;717239;717240;717242;717243;717245;717246;717247;717249;717251;717252;763485;768304;768310;768311;768315;768319;768320;768321;768330;768339;768340;768341;768342;768354;768365;768766;768768,1,1,34
D7_RS000179,D7,1,17,2695.884527065297,18,D7_L00099,10,LA,WB,Left,Interstate,LA.010...L,D7_VN005157,D7_VN005175,-117.72761268430371,34.08119761181473,716193;716195;717257;717258;763834;768349;768350;768352;768357;768358;768362;774728;774730;774743;774744;774745;774746,1,1,17
D7_RS000180,D7,1,2,574.0160792241106,6,D7_L00100,10,LA,WB,Left,Interstate,LA.010.S.L,D7_VN004762,D7_VN004860,-118.21873948167357,34.054713162883466,717047;762405,1,1,2
D7_RS000182,D7,1,14,5382.488126031528,69,D7_L00102,10,LA,WB,Left,Interstate,LA.010...L,D7_VN005181,D7_VN005249,-118.25646026157436,34.0319766921239,716890;717044;717045;717046;718111;737313;759155;759289;759290;759385;763458;769105;769118;776986,1,1,14
D7_RS000185,D7,1,28,5038.935471780554,52,D7_L00105,10,LA,EB,Right,Interstate,LA.010...R,D7_VN004860,D7_VN005278,-118.18153596038721,34.05834935820137,716071;716072;716075;716076;716078;716081;716085;716087;717055;717056;717059;718021;718022;762410;762422;762423;762435;762438;762447;764740;765098;765508;774544;774562;774563;774576;774577;774604,1,1,28
D7_RS000186,D7,1,36,5010.055001790365,31,D7_L00105,10,LA,EB,Right,Interstate,LA.010...R,D7_VN005278,D7_VN005292,-118.12577388750853,34.07105479143041,716090;716092;716093;716095;716097;716099;716103;716105;716107;716109;717074;717075;717076;717077;717082;717083;717084;717088;717089;717092;717093;717096;717097;717104;717105;717109;717110;762449;762451;762453;762455;762457;762492;764721;765451;767401,1,1,36
D7_RS000187,D7,1,33,5006.247513791896,43,D7_L00105,10,LA,EB,Right,Interstate,LA.010...R,D7_VN005292,D7_VN005319,-118.06306700314353,34.07127312891895,716111;716113;716115;716118;716120;716121;716126;716128;717113;717114;717117;717122;717123;717126;717127;717130;717131;717132;717133;717136;717137;717138;717140;717146;717148;718445;762459;762461;762463;762467;767405;767406;768426,1,1,33
D7_RS000188,D7,1,19,5182.544783867047,58,D7_L00105,10,LA,EB,Right,Interstate,LA.010...R,D7_VN005319,D7_VN005345,-118.0103685567244,34.06634728872205,716130;716132;716133;716137;717152;717155;717156;717158;717164;717165;767324;768173;768175;768180;768743;768751;774440;774443;777754,1,1,19
D7_RS000189,D7,1,16,5071.520058981912,35,D7_L00105,10,LA,EB,Right,Interstate,LA.010...R,D7_VN005345,D7_VN005364,-117.95262864686121,34.070687466239406,716140;716145;716151;717173;717174;717178;717179;717189;717190;763695;764222;767408;767411;767413;775030;775032,1,1,16
D7_RS000190,D7,1,14,5004.4031688231025,30,D7_L00105,10,LA,EB,Right,Interstate,LA.010...R,D7_VN005364,D7_VN005062,-117.88544856027336,34.071737509385564,716152;716155;716160;716163;716167;717194;717195;717205;717212;717218;717219;718118;764217;767414,1,1,14
D7_RS000191,D7,1,9,5018.791407144435,51,D7_L00105,10,LA,EB,Right,Interstate,LA.010...R,D7_VN005062,D7_VN005405,-117.83859749302692,34.06679520306267,716169;716171;716172;717236;718119;763479;763828;767416;767420,1,1,9
D7_RS000192,D7,1,15,5121.245475067867,49,D7_L00105,10,LA,EB,Right,Interstate,LA.010...R,D7_VN005405,D7_VN005152,-117.77950630191661,34.070757886586776,716181;716183;716187;717241;718120;767165;767166;767169;768314;768328;768329;768331;768363;768369;768376,1,1,15
D7_RS000193,D7,1,10,3740.171885110449,24,D7_L00105,10,LA,EB,Right,Interstate,LA.010...R,D7_VN005152,D7_VN005175,-117.731920239025,34.07995652813177,716192;716196;717254;717260;763830;763832;768351;768360;774729;774731,1,1,10
D7_RS000194,D7,1,2,1385.8110151476417,22,D7_L00106,57,LA,NB,Right Independent,State,LA.057.RRR,D7_VN000584,D7_VN005452,-117.82759269030466,34.11954155408277,764089;768733,1,1,2
D7_RS000195,D7,1,1,381.59041654370174,6,D7_L00107,57,LA,SB,Left,State,LA.057.R.L,D7_VN005453,D7_VN000787,-117.81302927751243,34.0237766840544,774865,1,1,1
D7_RS000201,D7,1,17,5015.07247307057,59,D7_L00114,10,LA,WB,Left,Interstate,LA.010.R.L,D7_VN005609,D7_VN005668,-118.46004623443278,34.02555321992244,718094;718096;718097;718408;718411;737232;737237;737242;737246;737269;759259;763490;764050;764059;764365;771651;776518,1,1,17
D7_RS000202,D7,1,26,5008.091201519597,41,D7_L00114,10,LA,WB,Left,Interstate,LA.010.R.L,D7_VN005668,D7_VN005709,-118.40032951842845,34.03239122849603,716029;716032;716038;716039;716040;716041;716043;717008;717012;717014;717015;717016;717018;717019;717022;718099;737292;763325;763341;763777;763789;763917;768584;768585;768594;776513,1,1,26
D7_RS000203,D7,1,31,5316.086161771678,40,D7_L00114,10,LA,WB,Left,Interstate,LA.010.R.L,D7_VN005709,D7_VN005749,-118.3327287005306,34.03553000392045,716046;716051;716054;716055;716057;716058;716059;716060;717025;717026;717029;717031;717032;717033;717036;717039;717040;718103;718414;718415;718416;763330;763346;763781;763895;763923;764244;768591;768592;773647;776177,1,1,31
D7_RS000204,D7,1,11,1480.8905367710552,6,D7_L00114,10,LA,WB,Left,Interstate,LA.010.R.L,D7_VN005749,D7_VN005181,-118.29460040524347,34.037022874463815,716061;716063;716064;717041;717042;717043;718105;737184;763785;768598;769645,1,1,11
D7_RS000205,D7,1,14,5096.204592197809,63,D7_L00116,60,LA,WB,Left,State,LA.060.R.L,D7_VN000505,D7_VN000299,-118.18468189460201,34.03266513949004,716206;716207;716211;717263;717266;717269;717270;767701;768437;768951;768952;773257;773273;777829,1,1,14
D7_RS000206,D7,1,13,5105.084724486271,43,D7_L00116,60,LA,WB,Left,State,LA.060.R.L,D7_VN000299,D7_VN000343,-118.12670110612288,34.03428734547036,716214;716217;716218;716219;717274;717276;717277;717281;717282;773221;773233;773294;773305,1,1,13
D7_RS000207,D7,1,2,1073.3279510532998,8,D7_L00116,60,LA,WB,Left,State,LA.060.R.L,D7_VN000343,D7_VN000356,-118.0905409986583,34.03668785626168,773246;773343,1,1,2
D7_RS000219,D7,1,19,5004.031920352417,30,D7_L00122,5,LA,NB,Right,Interstate,LA.005...R,D7_VN006195,D7_VN006225,-118.1058360541952,33.95113079240225,715918;715924;715926;715927;715928;716895;759530;759531;759542;759551;759552;762359;763985;763990;764232;764393;768488;768489;768507,1,1,19
D7_RS000220,D7,1,14,5057.0919958392315,44,D7_L00122,5,LA,NB,Right,Interstate,LA.005...R,D7_VN006225,D7_VN006269,-118.13769661500137,33.98809305281501,715929;715930;715933;715935;715938;716921;716922;716923;716925;762378;763814;763975;765429;775574,1,1,14
D7_RS000221,D7,1,34,5093.054112215534,50,D7_L00122,5,LA,NB,Right,Interstate,LA.005...R,D7_VN006269,D7_VN006319,-118.17655233710573,34.016411629753165,715941;715944;715949;715950;715952;715953;716928;716929;716933;716935;716936;716937;718083;718085;718086;759566;759572;759576;759700;759707;763791;764435;766947;766950;768530;768532;768536;768540;768552;768555;771209;775564;775569;776756,1,1,34
D7_RS000222,D7,1,4,1401.6682138236868,15,D7_L00122,5,LA,NB,Right,Interstate,LA.005...R,D7_VN006319,D7_VN005249,-118.21428991095785,34.02940821692079,763700;766927;766928;767776,1,1,4
D7_RS000223,D7,1,6,2012.8672980238007,9,D7_L00123,5,LA,NB,Right,Interstate,LA.005...R,D7_VN006332,D7_VN006341,-118.02126419626832,33.879998342946614,715898;715901;716896;716899;762347;762355,1,1,6
D7_RS000224,D7,1,5,2517.5844286155634,31,D7_L00124,57,LA,NB,Right,State,LA.057...R,D7_VN000787,D7_VN000515,-117.8054081746728,34.03760071273551,718023;718450;763558;763568;774877,1,1,5
D7_RS000226,D7,1,7,5105.2048561476795,58,D7_L00126,14,LA,NB,Right,State,LA.014.R.R,D7_VN006360,D7_VN006417,-118.50346864247138,34.355849453359816,764260;764262;764274;764276;764353;764398;764403,1,1,7
D7_RS000227,D7,1,11,5010.212787558092,50,D7_L00126,14,LA,NB,Right,State,LA.014.R.R,D7_VN006417,D7_VN006467,-118.47141452071125,34.39263851786909,764267;764269;764302;764304;764316;764318;764357;764359;764401;764411;764415,1,1,11
D7_RS000231,D7,1,16,5035.922414126252,62,D7_L00129,5,LA,SB,Left,Interstate,LA.005...L,D7_VN005249,D7_VN006577,-118.21828095821601,34.06241184276558,715958;715959;715961;715963;715964;716939;716940;716941;716942;716943;716944;716946;718087;763237;774189;775325,1,1,16
D7_RS000232,D7,1,11,5053.980801615428,42,D7_L00129,5,LA,SB,Left,Interstate,LA.005...L,D7_VN006577,D7_VN006619,-118.25178702588107,34.102011793759125,715966;715968;715971;716949;716955;716958;718370;718375;718376;759713;767690,1,1,11
D7_RS000233,D7,1,17,5217.317203537264,44,D7_L00129,5,LA,SB,Left,Interstate,LA.005...L,D7_VN006619,D7_VN006662,-118.28124791763148,34.14447219182625,715973;716959;716960;716961;718089;718090;718377;718378;718379;718380;718384;759735;759742;759747;761599;768153;768186,1,1,17
D7_RS000234,D7,1,38,5084.15158828267,58,D7_L00129,5,LA,SB,Left,Interstate,LA.005...L,D7_VN006662,D7_VN006720,-118.31075867034234,34.1775534713609,715974;715975;715976;715978;715979;715981;715982;715986;715987;716962;716963;716964;716965;716966;716972;716973;716974;716979;716980;716981;718385;759762;759765;759766;759772;759776;759777;759783;763773;763810;764417;777765;777766;777767;777781;777782;777783;777784,1,1,38
D7_RS000235,D7,1,14,5074.119774655043,52,D7_L00129,5,LA,SB,Left,Interstate,LA.005...L,D7_VN006720,D7_VN006772,-118.35085865098247,34.21151997473331,715989;715990;715992;715993;715994;716982;716983;716986;716987;716989;716990;716991;759790;777741,1,1,14
D7_RS000236,D7,1,29,5072.222733699942,45,D7_L00129,5,LA,SB,Left,Interstate,LA.005...L,D7_VN006772,D7_VN006817,-118.39610057405268,34.23091699575843,715995;715996;715997;715999;716000;716002;716004;716992;716993;716994;716995;716996;716998;716999;717001;717002;717004;717005;718091;718325;718388;761644;764151;775404;775407;775439;775443;775461;775465,1,1,29
D7_RS000237,D7,1,34,5024.636650465919,43,D7_L00129,5,LA,SB,Left,Interstate,LA.005...L,D7_VN006817,D7_VN006860,-118.44625356904118,34.26950045481902,716006;717006;718392;718393;718395;718397;718399;718400;718401;759228;759230;759250;759252;759626;759822;759834;759835;759844;759850;761638;765624;765625;765627;768668;768669;771136;771143;771147;771148;771150;775390;775419;775425;775476,1,1,34
D7_RS000238,D7,1,8,2934.6983152130815,15,D7_L00129,5,LA,SB,Left,Interstate,LA.005...L,D7_VN006860,D7_VN006875,-118.47378011129521,34.29738758024593,718402;718403;759636;759637;759858;761621;771153;771155,1,1,8
D7_RS000246,D7,1,3,70.68144481729377,1,D7_L00134,60,LA,EB,Right,State,LA.060.R.R,D7_VN007035,D7_VN000357,-118.21690911781621,34.02902115905697,715957;716938;768646,1,1,3
D7_RS000248,D7,1,9,5235.443404961228,52,D7_L00136,14,LA,SB,Left,State,LA.014.R.L,D7_VN007036,D7_VN006420,-118.50363737757253,34.35619312170898,763641;764281;764283;764288;764290;764405;764407;775511;775512,1,1,9
D7_RS000249,D7,1,9,5068.902205330195,40,D7_L00136,14,LA,SB,Left,State,LA.014.R.L,D7_VN006420,D7_VN006472,-118.46785481441549,34.39511468522721,764295;764297;764309;764311;764322;764355;764409;764413;766998,1,1,9
D7_RS000254,D7,1,22,5044.301334654809,71,D7_L00140,5,LA,NB,Right,Interstate,LA.005.R.R,D7_VN006341,D7_VN007183,-118.05902426334417,33.90183423495469,715904;715905;715907;715908;715910;716902;716903;716904;716906;716908;718081;718358;718360;759518;759610;762353;762357;763706;763748;769625;769626;775012,1,1,22
D7_RS000255,D7,1,4,1969.433477556674,18,D7_L00140,5,LA,NB,Right,Interstate,LA.005.R.R,D7_VN007183,D7_VN006195,-118.08034861638357,33.91833850317701,715912;715915;715916;759513,1,1,4
D7_RS000256,D7,1,7,605.4546255126043,6,D7_L00141,47,LA,SB,Left,State,LA.047.R.L,D7_VN000986,D7_VN000970,-118.28596593242912,33.748915889898385,772383;772384;772396;772397;772398;775762;775763,1,1,7
D7_RS000260,D7,1,13,5203.778636264325,41,D7_L00144,5,LA,NB,Right,Interstate,LA.005...R,D7_VN006576,D7_VN006621,-118.25121586139183,34.101589049157575,715967;715969;715970;716950;716951;716952;716953;716956;718371;759590;759591;763669;763674,1,1,13
D7_RS000261,D7,1,5,5081.051409809817,38,D7_L00144,5,LA,NB,Right,Interstate,LA.005...R,D7_VN006621,D7_VN006662,-118.28117643258952,34.14451648874392,718088;759602;761604;768675;775734,1,1,5
D7_RS000262,D7,1,18,5055.312752334256,53,D7_L00144,5,LA,NB,Right,Interstate,LA.005...R,D7_VN006662,D7_VN007262,-118.31119838016001,34.1780757884682,715977;715980;715983;715985;716967;716968;716970;716971;716977;716978;763812;777733;777734;777735;777794;777795;777796;777797,1,1,18
D7_RS000263,D7,1,7,5075.687538106409,55,D7_L00144,5,LA,NB,Right,Interstate,LA.005...R,D7_VN007262,D7_VN006775,-118.35366770654403,34.213958430477064,715988;715991;716984;716985;716988;761649;777745,1,1,7
D7_RS000264,D7,1,22,5047.042668629013,47,D7_L00144,5,LA,NB,Right,Interstate,LA.005...R,D7_VN006775,D7_VN007302,-118.3979992876538,34.23203770954562,715998;716001;716003;716005;716997;717000;718092;718389;764156;768682;768683;768685;775391;775397;775413;775414;775440;775441;775442;775462;775463;775464,1,1,22
D7_RS000265,D7,1,14,5034.4431354556655,38,D7_L00144,5,LA,NB,Right,Interstate,LA.005...R,D7_VN007302,D7_VN006862,-118.44803510519847,34.271382813013446,718391;718394;759617;761642;763897;768655;768656;768664;768665;771135;775426;775427;775477;775478,1,1,14
D7_RS000266,D7,1,1,2812.5054295235145,13,D7_L00144,5,LA,NB,Right,Interstate,LA.005...R,D7_VN006862,D7_VN006875,-118.47471713234599,34.298349054184705,768736,1,1,1
D7_RS000272,D7,1,4,5103.316611165743,31,D7_L00146,10S,LA,WB,Left,Interstate,LA.010S..L,D7_VN007466,D7_VN004833,-118.12693819484191,34.07115512912371,716088;716101;762482;762491,1,1,4
D7_RS000290,D7,1,29,5026.686126532898,63,D7_L00150,2,LA,EB,Right,State,LA.002.R.R,D7_VN008712,D7_VN008775,-118.22725786543056,34.142488515632245,718066;718067;718071;718074;718075;718076;759486;759487;762329;767441;767442;767470;767471;767554;767555;767556;767572;767573;767574;767575;767585;767586;767620;767769;768202;768203;768204;768205;768206,1,1,29
D7_RS000291,D7,1,10,4672.844966997452,44,D7_L00150,2,LA,EB,Right,State,LA.002.R.R,D7_VN008775,D7_VN008819,-118.21910251619698,34.19108207964253,718078;718079;767597;767598;767609;767610;768235;768238;768242;768246,1,1,10
D7_RS000293,D7,1,17,3250.7650905240184,35,D7_L00152,2,LA,EB,Right,State,LA.002...R,D7_VN008840,D7_VN008712,-118.24883112385328,34.10397750639878,718062;718064;767482;767483;767494;767495;767496;767497;767509;767510;767511;767523;767524;767525;767529;767541;767687,1,1,17
D7_RS000295,D7,1,3,5026.710668063818,69,D7_L00154,2,LA,WB,Left,State,LA.002.R.L,D7_VN008712,D7_VN008775,-118.2274225474645,34.14176647486025,718070;718072;767621,1,1,3
D7_RS000296,D7,1,2,4676.224533213276,46,D7_L00154,2,LA,WB,Left,State,LA.002.R.L,D7_VN008775,D7_VN008819,-118.21925040808193,34.1920755158657,768230;768231,1,1,2
D7_RS000299,D7,1,4,3266.6327819095077,37,D7_L00157,2,LA,WB,Left,State,LA.002...L,D7_VN008840,D7_VN008712,-118.24939000617688,34.103430585771825,718059;718060;767530;767542,1,1,4
D7_RS000300,D7,1,12,5066.202248266722,55,D7_L00158,60,LA,EB,Right,State,LA.060...R,D7_VN000358,D7_VN008970,-118.05182488264468,34.0385370957043,716226;716228;716231;716234;716235;717295;717296;717301;717308;717311;717312;773330,1,1,12
D7_RS000301,D7,1,10,5097.33635890288,54,D7_L00158,60,LA,EB,Right,State,LA.060...R,D7_VN008970,D7_VN008994,-117.99752579184519,34.02298327416645,716237;767722;767724;767725;773409;773410;773460;773461;773463;774619,1,1,10
D7_RS000302,D7,1,22,5133.393155829593,22,D7_L00158,60,LA,EB,Right,State,LA.060...R,D7_VN008994,D7_VN000483,-117.94417836884195,34.00104228901186,716243;716246;716252;716254;717321;717322;717328;717334;718123;773424;773425;773473;773477;773492;773493;773520;773521;774623;774627;774632;775335;775341,1,1,22
D7_RS000303,D7,1,18,3841.852961657112,20,D7_L00158,60,LA,EB,Right,State,LA.060...R,D7_VN000483,D7_VN000503,-117.89847583981955,33.99430615955541,716257;716259;716261;716893;717340;717343;717345;717346;717352;767696;773505;773506;773507;773508;774636;774639;774641;774644,1,1,18
D7_RS000307,D7,1,15,5109.181926295552,48,D7_L00162,5,LA,SB,Left,Interstate,LA.005.R.L,D7_VN006875,D7_VN009109,-118.50353438637615,34.32708689387451,718404;718405;768697;768700;768701;771157;771158;771160;774344;774345;774346;774347;774348;775536;775538,1,1,15
D7_RS000308,D7,1,3,5187.229995010591,40,D7_L00162,5,LA,SB,Left,Interstate,LA.005.R.L,D7_VN009109,D7_VN009149,-118.54393544666696,34.35337485554895,716008;759870;759875,1,1,3
D7_RS000309,D7,1,8,5239.620196443749,32,D7_L00162,5,LA,SB,Left,Interstate,LA.005.R.L,D7_VN009149,D7_VN009181,-118.5725868560262,34.39721717165198,716011;759892;759900;769090;769092;772055;772056;776142,1,1,8
D7_RS000310,D7,1,10,5048.1198687651495,35,D7_L00162,5,LA,SB,Left,Interstate,LA.005.R.L,D7_VN009181,D7_VN009216,-118.59744662656811,34.43703098752915,716014;716016;716018;759914;759922;759927;761623;767731;769029;769030,1,1,10
D7_RS000311,D7,1,10,5046.081392813424,33,D7_L00162,5,LA,SB,Left,Interstate,LA.005.R.L,D7_VN009216,D7_VN006124,-118.61658294849424,34.473487003843424,716019;716020;716021;759672;759677;759680;759933;759938;761608;768711,1,1,10
D7_RS000332,D7,1,6,5165.896945183257,50,D7_L00170,5,LA,NB,Right,Interstate,LA.005.R.R,D7_VN006875,D7_VN009109,-118.50227815755905,34.326190474224575,774092;774093;775520;775521;775535;775537,1,1,6
D7_RS000333,D7,1,3,5163.27241799393,40,D7_L00170,5,LA,NB,Right,Interstate,LA.005.R.R,D7_VN009109,D7_VN009366,-118.54449071008229,34.353985402748656,716009;759648;761635,1,1,3
D7_RS000334,D7,1,4,5224.665655206791,32,D7_L00170,5,LA,NB,Right,Interstate,LA.005.R.R,D7_VN009366,D7_VN009181,-118.57155587764076,34.395368642883405,716012;759653;759654;769091,1,1,4
D7_RS000335,D7,1,5,5075.851121859544,39,D7_L00170,5,LA,NB,Right,Interstate,LA.005.R.R,D7_VN009181,D7_VN009216,-118.59812991124502,34.437641988411755,716015;716017;759666;759667;768709,1,1,5
D7_RS000351,D7,1,9,5538.465017472546,70,D7_L00181,10,LA,EB,Right,Interstate,LA.010...R,D7_VN005181,D7_VN005249,-118.25649557911387,34.03167079326457,716066;718419;718421;737158;759197;759280;763453;764026;776981,1,1,9
D7_RS000356,D7,1,7,5022.363676109317,34,D7_L00183,5,LA,SB,Left,Interstate,LA.005...L,D7_VN006195,D7_VN006225,-118.10628446320248,33.95151808510677,715920;715923;715925;716916;716917;716918;768504,1,1,7
D7_RS000357,D7,1,9,5104.905971217631,40,D7_L00183,5,LA,SB,Left,Interstate,LA.005...L,D7_VN006225,D7_VN009825,-118.13742311861627,33.987683536625276,715932;715937;716919;716920;716924;718364;763980;766958;768523,1,1,9
D7_RS000358,D7,1,4,5083.7864758049045,50,D7_L00183,5,LA,SB,Left,Interstate,LA.005...L,D7_VN009825,D7_VN006319,-118.17689111970587,34.01631696687146,715947;716930;716934;768535,1,1,4
D7_RS000374,D7,1,3,2004.5920489098844,10,D7_L00191,5,LA,SB,Left,Interstate,LA.005...L,D7_VN006332,D7_VN006341,-118.02039609058652,33.87950503597927,715900;716898;762398,1,1,3
D7_RS000390,D7,1,11,5039.296568292733,43,D7_L00198,10,LA,EB,Right,Interstate,LA.010.R.R,D7_VN005609,D7_VN005665,-118.45963890451654,34.025618212754615,716887;718093;718095;737229;737257;737258;737278;759257;764054;765506;771652,1,1,11
D7_RS000391,D7,1,13,5035.167193960142,43,D7_L00198,10,LA,EB,Right,Interstate,LA.010.R.R,D7_VN005665,D7_VN005707,-118.40205776267794,34.032402243669054,716030;716033;716035;716036;717009;717011;717020;718410;718412;763336;764130;766242;768545,1,1,13
D7_RS000392,D7,1,11,5044.002420230278,37,D7_L00198,10,LA,EB,Right,Interstate,LA.010.R.R,D7_VN005707,D7_VN005744,-118.33801645183405,34.03521211332479,716044;716045;716047;716050;717024;717027;717028;717035;763963;764249;768596,1,1,11
D7_RS000393,D7,1,3,2238.573307043533,10,D7_L00198,10,LA,EB,Right,Interstate,LA.010.R.R,D7_VN005744,D7_VN005181,-118.30040233731451,34.037023014817144,716065;718335;768610,1,1,3
D7_RS000420,D7,1,2,1245.3933780363661,17,D7_L00211,57,LA,SB,Left Independent,State,LA.057.RLL,D7_VN000584,D7_VN011388,-117.82754422813966,34.11865068291098,716338;718048,1,1,2
D7_RS000440,D7,1,26,5051.309626410314,52,D7_L00223,60,LA,EB,Right,State,LA.060.R.R,D7_VN000503,D7_VN003720,-117.84385965437063,34.00135576881505,716263;716264;716265;716268;717357;717358;717363;718127;767693;773439;773440;774164;774166;774167;774180;774182;774646;774648;774650;774947;774949;775352;776708;776709;776710;776711,1,1,26
D7_RS000441,D7,1,9,5029.660261769604,58,D7_L00223,60,LA,EB,Right,State,LA.060.R.R,D7_VN003720,D7_VN003784,-117.80011372920728,34.02278724037839,766660;766661;766662;766663;766806;766807;766808;774927;774929,1,1,9
D7_RS000442,D7,1,14,3770.6634657682293,49,D7_L00223,60,LA,EB,Right,State,LA.060.R.R,D7_VN003784,D7_VN002401,-117.75726346927807,34.024319590333306,716270;766568;766569;766599;766600;766601;766602;766619;766620;766624;766646;766842;766843;766844,1,1,14
D7_RS000474,D7,1,4,5029.855539581918,59,D7_L00237,5,LA,SB,Left,Interstate,LA.005.R.L,D7_VN006341,D7_VN007178,-118.0589613705316,33.9013845496614,715903;715906;716900;716907,1,1,4
D7_RS000475,D7,1,5,2247.0077551135073,23,D7_L00237,5,LA,SB,Left,Interstate,LA.005.R.L,D7_VN007178,D7_VN006195,-118.08118448665056,33.9194579031249,715911;715913;716911;716912;759514,1,1,5
D7_RS000491,D7,1,22,5026.266248907481,63,D7_L00247,170,LA,NB,Right,State,LA.170.R.R,D7_VN012057,D7_VN012120,-118.39286306543151,34.17851613003111,716569;716570;716571;717610;717611;717612;718289;761061;761066;761079;764101;764106;764338;764377;765608;766971;769473;769474;774078;774079;774080;777600,1,1,22
D7_RS000492,D7,1,8,2649.4613269630136,20,D7_L00247,170,LA,NB,Right,State,LA.170.R.R,D7_VN012120,D7_VN006805,-118.40853495723947,34.22089869667097,716573;761085;761088;761585;763995;764430;765616;765618,1,1,8
D7_RS000574,D7,1,42,5114.726891056092,57,D7_L00289,134,LA,EB,Right,State,LA.134.R.R,D7_VN013527,D7_VN013583,-118.24809804444868,34.15303849333532,716552;716553;716555;716556;716558;716559;716560;716561;717577;717578;717579;717580;717581;717582;717583;717584;717585;717586;717587;717588;717589;717590;717591;717592;717593;761005;761009;761014;761035;761041;767454;767455;767456;767457;773927;773928;773974;773976;773978;774054;774056;774058,1,1,42
D7_RS000575,D7,1,31,4524.861799567616,58,D7_L00289,134,LA,EB,Right,State,LA.134.R.R,D7_VN013583,D7_VN013641,-118.18835553841194,34.145555967703395,716562;716563;716565;716567;717594;717595;717596;717597;717600;717601;717605;717606;717607;763606;763608;763612;769301;769302;773995;773997;774011;774012;774013;774014;774031;774032;774033;774034;774035;774037;776469,1,1,31
D7_RS000576,D7,1,2,654.4377120202587,7,D7_L00290,134,LA,EB,Right Independent,State,LA.134.RRR,D7_VN013642,D7_VN013527,-118.28463392312445,34.15290986993294,773916;773917,1,1,2
D7_RS000577,D7,1,2,93.94948445169601,3,D7_L00291,134,LA,EB,Right Independent,State,LA.134..RR,D7_VN013647,D7_VN013642,-118.29070401539735,34.15504214344695,773953;773955,1,1,2
D7_RS000578,D7,1,25,5118.539856185038,66,D7_L00292,134,LA,EB,Right,State,LA.134...R,D7_VN012057,D7_VN013715,-118.34605851587283,34.15347412120292,716543;716546;717098;717570;717571;717573;718203;760975;760987;760989;760994;761016;761017;763775;773869;773870;773871;773872;773880;773881;773882;773890;773891;773892;776472,1,1,25
D7_RS000579,D7,1,15,1897.0367091506796,23,D7_L00292,134,LA,EB,Right,State,LA.134...R,D7_VN013715,D7_VN013647,-118.3039524830441,34.155463265568166,716547;716548;716550;717574;717576;718204;718499;761003;761027;761031;761033;763323;763822;773904;773907,1,1,15
D7_RS000580,D7,1,4,346.19816961728714,6,D7_L00293,134,LA,WB,Left Independent,State,LA.134.RLL,D7_VN006656,D7_VN013527,-118.28476751534278,34.15401038999518,774067;774068;774069;774070,1,1,4
D7_RS000581,D7,1,12,5067.718494317258,62,D7_L00294,134,LA,WB,Left,State,LA.134...L,D7_VN012058,D7_VN013760,-118.3449582068082,34.15355658195745,716544;716545;717572;718496;761022;761025;773939;773940;773941;774204;774205;774206,1,1,12
D7_RS000582,D7,1,2,1852.1254711787358,23,D7_L00294,134,LA,WB,Left,State,LA.134...L,D7_VN013760,D7_VN013647,-118.30396384452409,34.155499189404715,773906;773908,1,1,2
D7_RS000612,D7,1,3,1141.0924284051785,15,D7_L00311,118,LA,EB,Right Independent,State,LA.118.RRR,D7_VN014361,D7_VN014375,-118.44625174604178,34.26621269795645,766112;766113;766185,1,1,3
D7_RS000613,D7,1,22,5085.615562242884,44,D7_L00312,118,LA,EB,Right,State,LA.118.R.R,D7_VN014376,D7_VN014419,-118.60814623685363,34.27482113425464,716527;716528;716529;717525;717526;717529;717530;717531;760656;760826;760827;760828;765920;765921;765941;765942;765978;765979;772487;772488;772489;772490,1,1,22
D7_RS000614,D7,1,27,5032.389365941192,58,D7_L00312,118,LA,EB,Right,State,LA.118.R.R,D7_VN014419,D7_VN014477,-118.54420869552447,34.27492246113292,716532;716533;716534;717533;717534;717535;717536;760837;760840;760842;761592;765958;765959;765995;765996;766010;766011;766012;766013;766029;766030;771706;771707;771708;771721;771722;771723,1,1,27
D7_RS000615,D7,1,34,5594.644502344264,51,D7_L00312,118,LA,EB,Right,State,LA.118.R.R,D7_VN014477,D7_VN014361,-118.48879908386554,34.27168894554732,716535;716536;716537;716538;716541;717537;717538;717539;717540;717541;717542;717543;717545;717547;760679;760844;763825;766046;766047;766060;766061;766062;766063;766138;766139;766140;766170;766171;768409;768410;768412;771690;771692;775677,1,1,34
D7_RS000616,D7,1,9,5047.5132858717825,45,D7_L00313,118,VEN,EB,Right,State,VEN118.R.R,D7_VN014528,D7_VN014573,-118.80464783419691,34.28749200517665,718180;718181;760812;760814;761594;764081;772118;772125;772132,1,1,9
D7_RS000617,D7,1,19,5138.8490270809325,24,D7_L00313,118,VEN,EB,Right,State,VEN118.R.R,D7_VN014573,D7_VN014597,-118.75461926228222,34.28213163504795,718183;718185;718188;718189;718192;718193;759142;760756;760765;760767;760774;760782;760786;760794;760801;760806;764068;764072;764193,1,1,19
D7_RS000618,D7,1,19,5089.8940069204555,34,D7_L00313,118,VEN,EB,Right,State,VEN118.R.R,D7_VN014597,D7_VN014631,-118.6883271315537,34.28114042669783,717551;717552;717553;717559;717560;718196;718197;718200;718201;760718;760726;760730;760738;760746;760749;764165;764173;764181;764185,1,1,19
D7_RS000619,D7,1,9,2436.4296742566926,44,D7_L00313,118,VEN,EB,Right,State,VEN118.R.R,D7_VN014631,D7_VN014376,-118.6512698738585,34.27248428381142,717563;717564;717565;760706;772092;772094;772095;772107;773668,1,1,9
D7_RS000620,D7,1,6,3235.064914775176,45,D7_L00314,118,VEN,EB,Right,State,VEN118.T.R,D7_VN003092,D7_VN014528,-118.85345984540369,34.290733932026335,718176;718178;760686;760693;760696;775926,1,1,6
D7_RS000624,D7,1,5,1016.4095603154294,10,D7_L00318,118,LA,WB,Left Independent,State,LA.118.RLL,D7_VN014739,D7_VN014375,-118.44498620036565,34.26681691406245,766110;766111;766184;766186;771659,1,1,5
D7_RS000625,D7,1,10,5291.285660126413,42,D7_L00319,118,LA,WB,Left,State,LA.118.R.L,D7_VN014376,D7_VN014757,-118.60824638433003,34.274837985749016,716530;717527;717528;760832;765922;765923;765943;765944;765976;765977,1,1,10
D7_RS000626,D7,1,11,5020.417851628183,66,D7_L00319,118,LA,WB,Left,State,LA.118.R.L,D7_VN014757,D7_VN014479,-118.542552904653,34.27512462948577,716531;717532;760661;760666;760835;765960;765961;765993;765994;766027;766028,1,1,11
D7_RS000627,D7,1,16,5616.305978644194,56,D7_L00319,118,LA,WB,Left,State,LA.118.R.L,D7_VN014479,D7_VN014739,-118.48531393980596,34.271038952103325,716540;717544;717546;760672;760675;760677;766044;766045;766096;766097;766124;766125;766127;771656;771691;771693,1,1,16
D7_RS000628,D7,1,9,5199.47178877343,45,D7_L00320,118,VEN,WB,Left,State,VEN118.R.L,D7_VN014808,D7_VN014853,-118.80650887110195,34.28829730787847,718179;718182;760869;760871;760971;764085;772119;772126;772133,1,1,9
D7_RS000629,D7,1,17,5065.16447373672,28,D7_L00320,118,VEN,WB,Left,State,VEN118.R.L,D7_VN014853,D7_VN014881,-118.75262583254029,34.282422898638245,718184;718186;718187;718190;718191;759165;760921;760924;760932;760941;760944;760951;760959;760963;764064;764076;764197,1,1,17
D7_RS000630,D7,1,22,5022.625912163365,39,D7_L00320,118,VEN,WB,Left,State,VEN118.R.L,D7_VN014881,D7_VN014634,-118.69053974786023,34.28135395749486,717548;717549;717550;717555;717556;717557;717558;717561;717562;718194;718195;718198;718199;760875;760892;760900;760904;760911;764161;764169;764177;764189,1,1,22
D7_RS000631,D7,1,3,2327.7671750810573,41,D7_L00320,118,VEN,WB,Left,State,VEN118.R.L,D7_VN014634,D7_VN014376,-118.65018811487205,34.2721051129339,717567;717568;760708,1,1,3
D7_RS000632,D7,1,6,3409.889776930843,49,D7_L00321,118,VEN,WB,Left,State,VEN118.T.L,D7_VN003092,D7_VN014808,-118.85516061959476,34.29054551976307,717554;717566;718175;718177;760860;763891,1,1,6
D7_RS000643,D7,1,8,5016.452166707774,41,D7_L00327,110,LA,NB,Right,State,LA.110...R,D7_VN015201,D7_VN015241,-118.1932439143164,34.10178896166472,767750;767751;767759;767760;767767;767768;773012;773013,1,1,8
D7_RS000645,D7,1,5,1114.8396231428117,17,D7_L00328,110,LA,NB,Right Independent,State,LA.110..RR,D7_VN015259,D7_VN015201,-118.23151086792548,34.07523388446772,771667;771673;772513;772514;772669,1,1,5
D7_RS000646,D7,1,15,5068.722565952533,54,D7_L00329,110,LA,NB,Right,Interstate,LA.110...R,D7_VN015276,D7_VN015329,-118.28488875397234,33.78981465165661,716474;716475;716476;716477;718467;763502;763507;763512;763517;763522;763838;763842;763845;775773;775774,1,1,15
D7_RS000647,D7,1,10,5058.759921140852,38,D7_L00329,110,LA,NB,Right,Interstate,LA.110...R,D7_VN015329,D7_VN015367,-118.28610630268136,33.83902239981713,716478;716479;763527;763532;763847;763849;766336;766338;766340;766341,1,1,10
D7_RS000648,D7,1,24,5248.988634269106,41,D7_L00329,110,LA,NB,Right,Interstate,LA.110...R,D7_VN015367,D7_VN015408,-118.28559172429927,33.88541712487625,716480;716481;716482;716484;716485;716486;716487;716488;716489;716490;763314;763354;763361;763621;763626;763663;763884;763886;771232;772078;775806;775825;775826;775827,1,1,24
D7_RS000649,D7,1,33,5053.91032573218,54,D7_L00329,110,LA,NB,Right,Interstate,LA.110...R,D7_VN015408,D7_VN015462,-118.28121283601322,33.93796702825836,716492;716493;716495;716496;716498;716499;716501;716502;716503;759416;759418;763291;763294;763309;763367;763372;763384;763389;763392;763397;763400;763720;763752;763769;763793;763795;763939;763943;766281;774703;774704;774705;774706,1,1,33
D7_RS000650,D7,1,46,5048.628026613106,46,D7_L00329,110,LA,NB,Right,Interstate,LA.110...R,D7_VN015462,D7_VN015508,-118.28068798980723,33.99632614992919,716507;716508;716509;716510;716511;716512;716514;716515;716517;718042;718161;718162;718163;718164;718497;762508;763243;763246;763251;763256;763259;763264;763267;763272;763275;763280;763405;763408;763413;763416;763419;763424;763429;763434;763439;763444;763447;763758;763763;763765;763767;763798;763800;763802;764427;765111,1,1,46
D7_RS000651,D7,1,8,1416.0526300708923,15,D7_L00329,110,LA,NB,Right,Interstate,LA.110...R,D7_VN015508,D7_VN005193,-118.27518168336087,34.029176745289305,716518;718165;718166;764032;764037;764336;766286;775637,1,1,8
D7_RS000652,D7,1,5,873.905291236201,13,D7_L00330,110,LA,NB,Right,Interstate,LA.110.R.R,D7_VN015523,D7_VN015276,-118.290589267726,33.75483935096564,716473;763498;763836;775747;775752,1,1,5
D7_RS000655,D7,1,21,3514.149724195545,42,D7_L00333,110,LA,SB,Left,State,LA.110...L,D7_VN005193,D7_VN015259,-118.25898292190382,34.053457732576206,716520;716521;716523;716524;718045;718046;718173;760635;760643;760646;768608;772501;772502;774659;774671;774672;774673;774685;774687;775610;775611,1,1,21
D7_RS000656,D7,1,3,3346.5773543028126,32,D7_L00334,118,LA,WB,Left,State,LA.118.R.L,D7_VN014375,D7_VN015617,-118.42346107839501,34.276167772727234,766167;766168;766169,1,1,3
D7_RS000660,D7,1,21,5031.319710157747,58,D7_L00338,105,LA,EB,Right,Interstate,LA.105.R.R,D7_VN015699,D7_VN015756,-118.37561800743839,33.93131241609264,716403;716406;716410;760040;760046;760063;760073;760074;760076;763634;766871;766872;766875;767838;767839;767840;773047;773048;773656;773657;773658,1,1,21
D7_RS000661,D7,1,19,5076.297608027936,46,D7_L00338,105,LA,EB,Right,Interstate,LA.105.R.R,D7_VN015756,D7_VN015802,-118.3208704336863,33.92662986209552,716412;716414;716416;716418;716419;716421;716424;760080;760085;760090;760091;760100;760101;760110;760112;760117;760122;760128;760130,1,1,19
D7_RS000662,D7,1,28,5009.859381138038,59,D7_L00338,105,LA,EB,Right,Interstate,LA.105.R.R,D7_VN015802,D7_VN015860,-118.25818793899303,33.92804320706092,716427;716430;716431;716433;716436;716438;716883;760139;760156;760166;760167;760168;760173;760178;760187;760188;760196;760199;760201;760520;763299;763304;765476;771725;774614;774615;776825;776826,1,1,28
D7_RS000663,D7,1,17,5072.696738984439,47,D7_L00338,105,LA,EB,Right,Interstate,LA.105.R.R,D7_VN015860,D7_VN015907,-118.20203860772972,33.92118537518205,716440;716442;716446;716447;716449;716453;718155;760206;760213;760224;760226;760227;760236;760237;760242;760246;760267,1,1,17
D7_RS000664,D7,1,28,5026.031472016036,47,D7_L00338,105,LA,EB,Right,Interstate,LA.105.R.R,D7_VN015907,D7_VN015954,-118.14808651029988,33.91237398535659,716456;716457;716458;716460;716462;716464;716466;716468;760279;760283;760289;760293;760301;760303;760314;760315;760320;760321;760329;760330;760580;763893;767857;767858;767859;767868;767869;767870,1,1,28
D7_RS000665,D7,1,4,1556.9138397286547,18,D7_L00338,105,LA,EB,Right,Interstate,LA.105.R.R,D7_VN015954,D7_VN015972,-118.1089319482688,33.91392488029724,716470;718465;760344;760358,1,1,4
D7_RS000671,D7,1,20,5038.125175446625,54,D7_L00344,105,LA,WB,Left,Interstate,LA.105.R.L,D7_VN015699,D7_VN016036,-118.37378860365544,33.93169329534127,716402;716404;716405;716407;716409;716411;760054;760413;760424;760426;760427;763710;766240;766857;766859;766861;766867;766868;766873;766874,1,1,20
D7_RS000672,D7,1,16,5009.221275142867,42,D7_L00344,105,LA,WB,Left,Interstate,LA.105.R.L,D7_VN016036,D7_VN016078,-118.31930662524947,33.927117324237706,716413;716415;716417;716420;716422;716423;760432;760440;760442;760452;760454;760455;760460;760465;760473;760476,1,1,16
D7_RS000673,D7,1,20,5056.870151942288,60,D7_L00344,105,LA,WB,Left,Interstate,LA.105.R.L,D7_VN016078,D7_VN016137,-118.25634487812366,33.92838737195762,716426;716428;716432;716434;716435;716437;716439;760147;760481;760484;760490;760491;760496;760505;760512;760519;760521;760525;760532;760535,1,1,20
D7_RS000674,D7,1,30,5060.6643983268195,53,D7_L00344,105,LA,WB,Left,Interstate,LA.105.R.L,D7_VN016137,D7_VN016188,-118.20040195024366,33.920920928023264,716441;716443;716444;716445;716448;716450;716451;716452;716454;760207;760209;760256;760545;760550;760558;760561;760568;760572;760574;760597;760598;760599;760604;760606;760608;760617;760619;760624;763712;763716,1,1,30
D7_RS000675,D7,1,18,5151.9670925119,39,D7_L00344,105,LA,WB,Left,Interstate,LA.105.R.L,D7_VN016188,D7_VN016221,-118.14482166562023,33.912731621277224,716455;716459;716461;716463;716467;760333;760335;760369;760375;760380;760384;760387;760388;760395;760398;760403;760585;760586,1,1,18
D7_RS000676,D7,1,2,1362.1148883262997,17,D7_L00344,105,LA,WB,Left,Interstate,LA.105.R.L,D7_VN016221,D7_VN015972,-118.10793374979168,33.91404489245614,716471;760345,1,1,2
D7_RS000677,D7,1,8,5017.146874760061,58,D7_L00345,170,LA,SB,Left,State,LA.170.R.L,D7_VN012057,D7_VN012119,-118.39211750024286,34.17687810170303,716568;717103;717608;717609;761070;761076;761077;763818,1,1,8
D7_RS000678,D7,1,5,2948.4292222584227,27,D7_L00345,170,LA,SB,Left,State,LA.170.R.L,D7_VN012119,D7_VN006809,-118.40925373436723,34.223185583387455,716572;716574;717613;717614;761081,1,1,5
D7_RS000693,D7,1,13,5076.44351212662,45,D7_L00356,101,VEN,NB,Right,US,VEN101...R,D7_VN016545,D7_VN016588,-118.8394725181788,34.16645182964907,764803;764808;764819;764824;764829;764972;765002;765007;765015;765019;765023;765139;776465,1,1,13
D7_RS000694,D7,1,14,5010.244133863745,53,D7_L00356,101,VEN,NB,Right,US,VEN101...R,D7_VN016588,D7_VN016641,-118.89382634716729,34.18186614463699,764839;764863;764874;764879;764891;764977;764980;765027;765034;765042;765046;765104;765141;765145,1,1,14
D7_RS000695,D7,1,11,5033.099373260904,60,D7_L00356,101,VEN,NB,Right,US,VEN101...R,D7_VN016641,D7_VN016701,-118.95013596028039,34.194233178036484,764900;764905;764910;764915;764984;764986;765061;765065;765068;765072;768558,1,1,11
D7_RS000696,D7,1,9,5033.707234719208,56,D7_L00356,101,VEN,NB,Right,US,VEN101...R,D7_VN016701,D7_VN016756,-119.0122192537708,34.212717891589094,764921;764927;764932;764989;764991;764993;765076;765080;765083,1,1,9
D7_RS000700,D7,1,20,5053.705663316086,39,D7_L00357,101,LA,NB,Right,US,LA.101...R,D7_VN016849,D7_VN016888,-118.50912140824116,34.16953064404318,716371;716372;716373;716374;717502;717503;717504;717510;717511;717513;764709;768450;772140;772168;772178;772180;772596;772597;776066;776081,1,1,20
D7_RS000701,D7,1,18,5219.621931612931,39,D7_L00357,101,LA,NB,Right,US,LA.101...R,D7_VN016888,D7_VN016927,-118.57247461921233,34.17099517125297,716376;716378;716379;716380;716381;717515;717517;717518;717519;717520;764711;764713;772609;772610;776054;776060;776073;776074,1,1,18
D7_RS000702,D7,1,21,5232.048189369932,39,D7_L00357,101,LA,NB,Right,US,LA.101...R,D7_VN016927,D7_VN016965,-118.63021287107804,34.16198198721314,716383;716384;716385;716386;716388;717521;717522;717523;717524;718143;718144;760002;770611;771748;772354;772362;772363;772371;772583;776052;776313,1,1,21
D7_RS000703,D7,1,7,5072.709867623084,58,D7_L00357,101,LA,NB,Right,US,LA.101...R,D7_VN016965,D7_VN017023,-118.69016368293782,34.14837846725912,716390;737433;768271;768272;776457;776458;776459,1,1,7
D7_RS000704,D7,1,12,5381.73256371125,59,D7_L00357,101,LA,NB,Right,US,LA.101...R,D7_VN017023,D7_VN017082,-118.73716087746564,34.14181469604807,716397;764958;764963;765090;765093;765100;768253;768564;772340;772341;772342;776318,1,1,12
D7_RS000705,D7,1,7,3994.6680743802594,32,D7_L00357,101,LA,NB,Right,US,LA.101...R,D7_VN017082,D7_VN016545,-118.793474146327,34.14800506897625,718348;718349;759271;759272;764727;765101;765472,1,1,7
D7_RS000706,D7,1,6,534.4693704092485,11,D7_L00358,101,LA,NB,Right Independent,US,LA.101..RR,D7_VN017114,D7_VN016849,-118.46852407626716,34.161087593103986,764794;765099;776301;776307;777066;777068,1,1,6
D7_RS000707,D7,1,18,5177.7485881206485,44,D7_L00359,101,LA,NB,Right,US,LA.101...R,D7_VN017125,D7_VN017169,-118.41333005122094,34.15557665495092,716364;716366;716367;717492;717495;717497;717498;718462;760001;760013;769345;769346;769358;769359;769443;769456;769467;769468,1,1,18
D7_RS000708,D7,1,7,1018.9038832768586,15,D7_L00359,101,LA,NB,Right,US,LA.101...R,D7_VN017169,D7_VN017114,-118.45616892048659,34.15825493002315,716369;716370;717501;760024;769430;769431;774994,1,1,7
D7_RS000710,D7,1,2,415.0684369420669,8,D7_L00361,101,LA,NB,Right Independent,US,LA.101..RR,D7_VN017185,D7_VN017184,-118.37579693843713,34.15232956597126,716363;718141,1,1,2
D7_RS000711,D7,1,27,5074.2471972638505,60,D7_L00362,101,LA,NB,Right,US,LA.101...R,D7_VN004758,D7_VN017243,-118.25420225909255,34.064894234265665,716328;716330;716331;716332;716333;716334;716335;716336;716337;717444;717445;717446;717447;717450;717451;717452;717453;760003;764853;773023;773024;773638;776136;776369;776419;776480;776752,1,1,27
D7_RS000712,D7,1,36,5014.052598366064,68,D7_L00362,101,LA,NB,Right,US,LA.101...R,D7_VN017243,D7_VN017310,-118.31316519240436,34.096536585955015,716340;716343;716344;716345;716346;716347;716348;716349;716351;716352;716355;717456;717459;717461;717462;717463;717465;717466;717467;717468;717469;717471;717472;717473;717479;717480;717483;765164;768472;769372;769373;769374;769388;769389;769390;776115,1,1,36
D7_RS000713,D7,1,24,3826.754704755977,54,D7_L00362,101,LA,NB,Right,US,LA.101...R,D7_VN017310,D7_VN017185,-118.35653635815278,34.134985245749746,716358;716359;716360;716362;717485;717487;717488;717489;717490;717491;764684;764760;764949;765176;765201;765203;765218;765223;768469;769402;769418;774140;775990;775991,1,1,24
D7_RS000714,D7,1,2,92.1935349475187,1,D7_L00364,101,LA,NB,Right,US,LA.101...R,D7_VN017364,D7_VN004758,-118.22732055410206,34.05289452732702,776425;776640,1,1,2
D7_RS000729,D7,1,9,5183.79754977803,46,D7_L00376,101,VEN,SB,Left,US,VEN101...L,D7_VN017665,D7_VN017688,-118.84006113357334,34.16650820324321,764798;764814;764834;764968;764998;765011;765137;765150;765151,1,1,9
D7_RS000730,D7,1,8,5012.7168591945065,61,D7_L00376,101,VEN,SB,Left,US,VEN101...L,D7_VN017688,D7_VN016643,-118.89479138551782,34.18185188284227,764848;764868;764885;765038;765050;765054;765106;768574,1,1,8
D7_RS000732,D7,1,2,5110.528603721292,61,D7_L00376,101,VEN,SB,Left,US,VEN101...L,D7_VN016701,D7_VN016755,-119.01100642076885,34.212472695911316,764937;765087,1,1,2
D7_RS000736,D7,1,3,559.9152711016347,8,D7_L00378,101,LA,SB,Left Independent,US,LA.101..LL,D7_VN017114,D7_VN016849,-118.4696170350886,34.16099319702248,764781;776300;776308,1,1,3
D7_RS000738,D7,1,1,303.0384552655434,5,D7_L00380,101,LA,SB,Left Independent,US,LA.101..LL,D7_VN017821,D7_VN017819,-118.37598304131613,34.15202041747353,768066,1,1,1
D7_RS000739,D7,1,6,5112.427810321198,58,D7_L00381,101,LA,SB,Left,US,LA.101...L,D7_VN004758,D7_VN017244,-118.25470611601006,34.065066213814795,773062;773063;773064;776328;776329;776751,1,1,6
D7_RS000740,D7,1,10,5170.086704472866,67,D7_L00381,101,LA,SB,Left,US,LA.101...L,D7_VN017244,D7_VN017317,-118.31695107264349,34.09965177414273,716339;716341;716342;716353;717458;717460;717481;717484;764744;769403,1,1,10
D7_RS000741,D7,1,4,3369.018637662826,41,D7_L00381,101,LA,SB,Left,US,LA.101...L,D7_VN017317,D7_VN017821,-118.3595844525158,34.13740301176528,716356;717486;764766;769405,1,1,4
D7_RS000743,D7,1,1,3542.9457288498606,42,D7_L00383,110,LA,NB,Right,State,LA.110...R,D7_VN005193,D7_VN015259,-118.25916597622619,34.053288493742926,774658,1,1,1
D7_RS000751,D7,1,3,3619.740744114466,38,D7_L00387,118,LA,EB,Right,State,LA.118.R.R,D7_VN014375,D7_VN017916,-118.42142421626305,34.277081530361215,766153;766154;766155,1,1,3
D7_RS000756,D7,1,10,6077.126374255946,54,D7_L00390,101,LA,SB,Left,US,LA.101...L,D7_VN017820,D7_VN017114,-118.42490655802047,34.156215566398984,716365;716368;716742;717493;717499;717813;764715;768477;769444;775083,1,1,10
D7_RS000760,D7,1,4,5064.586175173761,39,D7_L00393,110,LA,SB,Left,Interstate,LA.110...L,D7_VN015329,D7_VN017968,-118.28640600405372,33.83766931599947,766337;766339;774712;774713,1,1,4
D7_RS000761,D7,1,5,5208.046749324405,43,D7_L00393,110,LA,SB,Left,Interstate,LA.110...L,D7_VN017968,D7_VN015408,-118.28560942978011,33.88511772883705,716491;766988;766989;766990;771223,1,1,5
D7_RS000762,D7,1,10,5065.309689558743,58,D7_L00393,110,LA,SB,Left,Interstate,LA.110...L,D7_VN015408,D7_VN015462,-118.28137880778579,33.93747791644529,716494;716500;716504;718159;763283;763286;763377;765109;772075;772076,1,1,10
D7_RS000763,D7,1,4,5002.585135016495,45,D7_L00393,110,LA,SB,Left,Interstate,LA.110...L,D7_VN015462,D7_VN015508,-118.28070587591941,33.99643326801855,716513;716516;718041;763761,1,1,4
D7_RS000764,D7,1,3,1335.2274104222279,16,D7_L00393,110,LA,SB,Left,Interstate,LA.110...L,D7_VN015508,D7_VN005193,-118.27502675587846,34.029659289450564,775636;775638;775639,1,1,3
D7_RS000766,D7,1,2,205.9128813451938,1,D7_L00395,134,LA,WB,Left Independent,State,LA.134..LL,D7_VN013647,D7_VN006656,-118.29052401080293,34.15536560352531,773954;773956,1,1,2
D7_RS000777,D7,1,19,5041.266029965138,40,D7_L00404,91,LA,EB,Right,State,LA.091.R.R,D7_VN015378,D7_VN018259,-118.26039501092048,33.87316685799364,716273;716275;716281;716283;717366;717367;717369;717373;717376;717379;717381;718128;718129;718130;759996;763604;765797;765827;765834,1,1,19
D7_RS000778,D7,1,38,5011.87735476387,59,D7_L00404,91,LA,EB,Right,State,LA.091.R.R,D7_VN018259,D7_VN018318,-118.19689604930801,33.874620185361046,716285;716287;716290;716292;716294;716295;716296;716297;716298;716299;717382;717383;717384;717385;717386;717387;717389;717390;717392;717393;717394;717395;717396;717397;717398;717399;717400;717401;717402;717403;717404;759965;759967;759984;763473;763602;766546;776945,1,1,38
D7_RS000779,D7,1,35,5149.600994440015,52,D7_L00404,91,LA,EB,Right,State,LA.091.R.R,D7_VN018318,D7_VN018370,-118.13049420615853,33.87659438423656,716300;716301;716302;716304;716306;716307;716309;716312;716313;716314;717405;717406;717407;717409;717410;717412;717418;717419;717420;717422;717426;718326;765467;766190;767313;768898;768899;768907;768908;768909;768913;768914;768934;773391;773392,1,1,35
D7_RS000780,D7,1,38,5298.376648436586,31,D7_L00404,91,LA,EB,Right,State,LA.091.R.R,D7_VN018370,D7_VN018188,-118.06603410254799,33.872576083157384,716315;716318;716319;716321;716323;717430;717431;717434;717436;717439;717440;717441;717443;718033;759974;759975;759978;759979;759980;759990;759991;759992;765839;766209;766210;766214;766272;766274;766553;766554;766555;768223;768229;773362;773363;773364;773365;773366,1,1,38
D7_RS000781,D7,1,1,313.71464455506344,6,D7_L00405,91,LA,EB,Right,State,LA.091...R,D7_VN018401,D7_VN015378,-118.28888056866909,33.872652644316496,716272,1,1,1
D7_RS000787,D7,1,21,5087.116893057235,37,D7_L00409,91,LA,WB,Left,State,LA.091.R.L,D7_VN015378,D7_VN018487,-118.25994123481051,33.873276599705285,716274;716276;716279;716282;716284;717365;717368;717374;717375;717378;717380;759981;759982;764425;765591;765592;765594;765793;765795;765825;766276,1,1,21
D7_RS000788,D7,1,5,5109.827825859236,54,D7_L00409,91,LA,WB,Left,State,LA.091.R.L,D7_VN018487,D7_VN018318,-118.19606252206522,33.8748012615086,716289;717388;717391;718327;765842,1,1,5
D7_RS000789,D7,1,15,5101.815071985315,48,D7_L00409,91,LA,WB,Left,State,LA.091.R.L,D7_VN018318,D7_VN018369,-118.13107144279789,33.876676135240956,716303;716305;716310;716311;717413;717415;717416;717417;717421;717423;717424;759986;763466;765831;768937,1,1,15
D7_RS000790,D7,1,24,5492.382043562492,32,D7_L00409,91,LA,WB,Left,State,LA.091.R.L,D7_VN018369,D7_VN018188,-118.06715451613871,33.872847506555146,716316;716317;716320;716322;716325;717428;717429;717433;717435;717437;717438;717442;759987;759988;759989;759993;765837;766211;766212;766213;766270;768222;768224;768228,1,1,24
D7_RS000797,D7,1,3,1484.254858841769,28,D7_L00414,90,LA,EB,Right,State,LA.090...R,D7_VN018553,D7_VN018551,-118.40079455520015,33.987818484863254,774279;774280;774281,1,1,3
D7_RS000803,D7,1,2,1557.8086412454857,27,D7_L00420,90,LA,WB,Left,State,LA.090...L,D7_VN018553,D7_VN018551,-118.40050089314381,33.98781778696584,774278;774282,1,1,2
D7_RS000806,D7,1,2,1136.6333487713905,15,D7_L00423,110,LA,SB,Left Independent,State,LA.110..LL,D7_VN015259,D7_VN015201,-118.23214089686729,34.0749903139622,716526;760650,1,1,2
D7_RS000812,D7,1,5,5070.432284169764,37,D7_L00427,101,LA,SB,Left,US,LA.101...L,D7_VN016849,D7_VN016888,-118.50656369138314,34.16917945530909,716889;717508;760006;772151;772167,1,1,5
D7_RS000813,D7,1,4,5338.903937497882,38,D7_L00427,101,LA,SB,Left,US,LA.101...L,D7_VN016888,D7_VN018669,-118.57299619418609,34.17082444742361,716375;716377;717514;717516,1,1,4
D7_RS000814,D7,1,16,5086.7288054330775,38,D7_L00427,101,LA,SB,Left,US,LA.101...L,D7_VN018669,D7_VN018679,-118.63081824186821,34.161702050810796,716382;716387;716389;718040;718142;718146;718148;765130;765444;770610;772208;772209;772210;772355;772582;772584,1,1,16
D7_RS000815,D7,1,10,5064.88142202964,63,D7_L00427,101,LA,SB,Left,US,LA.101...L,D7_VN018679,D7_VN018705,-118.68936545435295,34.14841906167978,716391;716392;764646;764752;771739;771740;772564;776440;776441;776442,1,1,10
D7_RS000816,D7,1,11,5276.5406199642875,57,D7_L00427,101,LA,SB,Left,US,LA.101...L,D7_VN018705,D7_VN018741,-118.73783504326721,34.14180477424076,716395;716399;718149;718345;764632;764637;764733;768265;772193;772194;772195,1,1,11
D7_RS000817,D7,1,8,4256.5877834040475,32,D7_L00427,101,LA,SB,Left,US,LA.101...L,D7_VN018741,D7_VN017665,-118.79249227666946,34.14778421268921,716400;718150;718346;718347;764622;764627;764731;774502,1,1,8
D7_RS000820,D7,1,18,5030.9452714758045,60,D7_L00430,134,LA,WB,Left,State,LA.134.R.L,D7_VN013527,D7_VN018777,-118.24820272510836,34.153048616494836,716551;716554;716557;717099;761038;761039;761044;761046;761049;761052;761056;773975;773977;773979;773980;774053;774055;774057,1,1,18
D7_RS000821,D7,1,8,4757.531567127004,63,D7_L00430,134,LA,WB,Left,State,LA.134.R.L,D7_VN018777,D7_VN013641,-118.19112215266446,34.14562466337518,716564;717598;717599;717603;717604;763610;773996;773998,1,1,8
D7_RS000836,D7,1,24,5098.7536429784495,53,D7_L00440,710,LA,NB,Right,Interstate,LA.710...R,D7_VN018931,D7_VN018984,-118.17219748080576,33.94847550434541,716858;716860;716861;716862;716864;716866;716867;717982;717983;717991;717992;717994;717995;717999;718001;718004;718005;718147;718151;718477;761776;774358;774359;776266,1,1,24
D7_RS000837,D7,1,18,5028.863103407462,63,D7_L00440,710,LA,NB,Right,Interstate,LA.710...R,D7_VN018984,D7_VN019046,-118.17244458156014,33.99616712431857,716868;716869;716871;717802;718007;718008;718009;718013;718014;718320;718494;761790;763468;776203;776208;776289;776290;776493,1,1,18
D7_RS000838,D7,1,21,4256.156114314232,52,D7_L00440,710,LA,NB,Right,Interstate,LA.710...R,D7_VN019046,D7_VN004890,-118.16897394108584,34.04040462377801,716875;716878;718015;718016;718017;763935;765597;768446;768978;776187;776188;776196;776221;776228;776229;776240;776241;776242;776243;776255;776256,1,1,21
D7_RS000839,D7,1,10,2509.0971711348916,25,D7_L00441,710,LA,NB,Right,Interstate,LA.710.R.R,D7_VN019097,D7_VN018931,-118.17983942009344,33.915360036958354,716854;716856;716857;716882;717660;717977;718043;718102;718492;768984,1,1,10
D7_RS000840,D7,1,25,5012.35661227493,53,D7_L00442,710,LA,NB,Right,Interstate,LA.710...R,D7_VN019121,D7_VN019173,-118.20726966483166,33.794896119528694,772689;772690;772691;772701;772702;772703;772711;772712;772713;772980;772981;772982;774411;774412;774413;774444;774458;774459;777224;777233;777243;777244;777253;777254;777262,1,1,25
D7_RS000841,D7,1,11,5001.802402419651,53,D7_L00442,710,LA,NB,Right,Interstate,LA.710...R,D7_VN019173,D7_VN019226,-118.20394061033318,33.84899464123981,716844;716846;717961;717962;717965;717966;718318;718319;737211;774193;774373,1,1,11
D7_RS000842,D7,1,8,3349.034881985597,39,D7_L00442,710,LA,NB,Right,Interstate,LA.710...R,D7_VN019226,D7_VN019097,-118.18922161992036,33.889615456587805,716850;716852;717770;717968;717974;718488;761734;761735,1,1,8
D7_RS000843,D7,1,6,946.8130307721729,15,D7_L00443,710,LA,NB,Right Independent,Interstate,LA.710.RRR,D7_VN019264,D7_VN019121,-118.21018892142877,33.76794455891138,777203;777204;777212;777213;777215;777223,1,1,6
D7_RS000848,D7,1,14,5068.523031899924,56,D7_L00448,710,LA,SB,Left,Interstate,LA.710...L,D7_VN018931,D7_VN018986,-118.17227372229648,33.94811373384634,716859;716863;716865;717979;717980;717985;717986;717988;717989;717997;717998;718002;761778;776295,1,1,14
D7_RS000849,D7,1,6,5027.416594917633,65,D7_L00448,710,LA,SB,Left,Interstate,LA.710...L,D7_VN018986,D7_VN019046,-118.17237357116827,33.996682092379636,716870;716873;716891;718011;718012;718321,1,1,6
D7_RS000850,D7,1,7,4443.122787312829,56,D7_L00448,710,LA,SB,Left,Interstate,LA.710...L,D7_VN019046,D7_VN004890,-118.16891174934977,34.04154643387147,716876;716879;718018;776197;776215;776253;776254,1,1,7
D7_RS000851,D7,1,8,2489.5471468583573,28,D7_L00449,710,LA,SB,Left,Interstate,LA.710.R.L,D7_VN019371,D7_VN018931,-118.18001867582306,33.91539258565367,716853;716855;717976;717978;718152;718493;761761;761767,1,1,8
D7_RS000852,D7,1,9,5013.338234702889,54,D7_L00450,710,LA,SB,Left,Interstate,LA.710...L,D7_VN019121,D7_VN019175,-118.20730122114571,33.79746398394189,774389;774390;774391;774445;774460;774461;777232;777245;777263,1,1,9
D7_RS000853,D7,1,9,5084.546372902366,54,D7_L00450,710,LA,SB,Left,Interstate,LA.710...L,D7_VN019175,D7_VN019228,-118.20313950584544,33.85113295352,716843;716845;717959;717960;717963;763771;774150;774151;774372,1,1,9
D7_RS000854,D7,1,9,3128.205148896824,38,D7_L00450,710,LA,SB,Left,Interstate,LA.710...L,D7_VN019228,D7_VN019371,-118.1892175622685,33.89017818170841,716847;716849;716851;717969;717970;717972;717975;761757;761851,1,1,9
D7_RS000857,D7,1,13,5206.737928586704,67,D7_L00453,605,LA,NB,Right,Interstate,LA.605...R,D7_VN004975,D7_VN019525,-117.99167742959331,34.089016380755155,716837;716839;717953;717955;717956;767678;767679;767680;767684;773774;773785;776020;776487,1,1,13
D7_RS000858,D7,1,9,3190.699569850399,37,D7_L00453,605,LA,NB,Right,Interstate,LA.605...R,D7_VN019525,D7_VN019562,-117.96679795945266,34.12392112012021,716841;716842;717957;717958;766922;766925;773795;773796;773807,1,1,9
D7_RS000859,D7,1,22,5006.520086655476,37,D7_L00454,605,LA,NB,Right,Interstate,LA.605.R.R,D7_VN019563,D7_VN019600,-118.08464599462825,33.82748647030757,716756;716758;716759;716760;716761;716762;717143;717831;717835;717836;717839;717844;761652;761844;766508;766510;766512;766514;766516;767321;773712;773723,1,1,22
D7_RS000860,D7,1,28,5220.851660189223,47,D7_L00454,605,LA,NB,Right,Interstate,LA.605.R.R,D7_VN019600,D7_VN019646,-118.10085669699515,33.874659745898875,716763;716764;716775;716780;716782;716784;717849;717850;717851;717854;717857;717858;717863;761655;762610;762612;762648;762649;762653;763654;766518;766520;767233;767234;767238;773736;773743;773749,1,1,28
D7_RS000861,D7,1,29,5044.35972650216,45,D7_L00454,605,LA,NB,Right,Interstate,LA.605.R.R,D7_VN019646,D7_VN019689,-118.10213822899898,33.922870812591235,716787;716788;716791;716792;716794;717840;717864;717869;717874;717875;717876;717879;718466;737152;761675;761676;762616;762663;763464;763658;763693;766542;766851;766852;767160;767742;769513;769519;769524,1,1,29
D7_RS000862,D7,1,23,5158.156512141266,43,D7_L00454,605,LA,NB,Right,Interstate,LA.605.R.R,D7_VN019689,D7_VN019731,-118.07928753715223,33.973953051924035,716798;716800;716805;716807;716812;716814;717880;717881;717882;717888;717892;717893;717897;717899;717903;717905;717906;717909;717910;762619;762622;762624;762679,1,1,23
D7_RS000863,D7,1,20,5041.489180991302,49,D7_L00454,605,LA,NB,Right,Interstate,LA.605.R.R,D7_VN019731,D7_VN019780,-118.05496651308034,34.01297375216952,716818;716819;716822;716823;716827;717915;717920;717922;717926;717929;717934;717938;717939;717940;762627;762631;762634;762637;762686;773393,1,1,20
D7_RS000864,D7,1,12,4899.356708720872,49,D7_L00454,605,LA,NB,Right,Interstate,LA.605.R.R,D7_VN019780,D7_VN004975,-118.01382996436885,34.045703077042205,716829;716833;716834;717945;762640;762643;762645;763683;765819;765820;775689;775691,1,1,12
D7_RS000869,D7,1,10,5190.5707453173045,55,D7_L00459,605,LA,SB,Left,Interstate,LA.605...L,D7_VN004975,D7_VN019893,-117.99326176765665,34.086474019694855,716838;717949;717950;717951;718498;763616;765501;773773;773784;776019,1,1,10
D7_RS000870,D7,1,7,3241.1066852238882,29,D7_L00459,605,LA,SB,Left,Interstate,LA.605...L,D7_VN019893,D7_VN019914,-117.96713883900338,34.12382492012343,773798;774258;774260;774261;774262;774263;774264,1,1,7
D7_RS000871,D7,1,21,5122.656369010032,42,D7_L00460,605,LA,SB,Left,Interstate,LA.605.R.L,D7_VN019915,D7_VN019935,-118.08558685244667,33.82942765982926,716768;716769;716771;716772;717832;717833;717837;717838;717842;717843;717845;717846;737504;766522;766525;766528;766530;766532;766534;773711;773724,1,1,21
D7_RS000872,D7,1,23,5103.533838561423,51,D7_L00460,605,LA,SB,Left,Interstate,LA.605.R.L,D7_VN019935,D7_VN019969,-118.1010376282439,33.87448865387494,716773;716774;716776;716778;716779;716781;717847;717852;717853;717859;717861;717862;717865;762652;762655;762657;763656;763679;766536;766538;767235;767241;773737,1,1,23
D7_RS000873,D7,1,20,5068.93023285315,41,D7_L00460,605,LA,SB,Left,Interstate,LA.605.R.L,D7_VN019969,D7_VN019689,-118.10202605942712,33.92447824105737,716785;716786;716793;716795;716797;717834;717848;717867;717868;717871;717872;717877;718490;762659;762661;762665;762667;762669;763999;764001,1,1,20
D7_RS000874,D7,1,28,5149.376150330243,45,D7_L00460,605,LA,SB,Left,Interstate,LA.605.R.L,D7_VN019689,D7_VN019731,-118.0783086426187,33.97594958800799,716799;716802;716804;716806;716808;716810;716811;716813;717883;717884;717885;717887;717889;717894;717895;717896;717898;717902;717907;717908;717911;717912;762620;762671;762673;762675;762678;762681,1,1,28
D7_RS000875,D7,1,22,5090.936772293009,44,D7_L00460,605,LA,SB,Left,Interstate,LA.605.R.L,D7_VN019731,D7_VN020031,-118.05603200161794,34.011904753350215,716815;716817;716821;716824;716825;716828;717913;717914;717916;717924;717925;717930;717933;717935;717941;717942;762629;762685;762688;763475;764019;764021,1,1,22
D7_RS000876,D7,1,16,4740.626374490316,46,D7_L00460,605,LA,SB,Left,Interstate,LA.605.R.L,D7_VN020031,D7_VN004975,-118.01342606849386,34.04575368955359,716831;716832;717943;717946;762641;763687;763689;766936;766937;767035;767036;767037;767038;767039;775690;775692,1,1,16
D7_RS000881,D7,1,33,5008.216928198411,49,D7_L00465,405,LA,NB,Right,Interstate,LA.405...R,D7_VN020077,D7_VN020126,-118.37343026043084,33.96005021368361,716695;716696;716697;716698;716701;717775;717776;717777;717778;717779;761482;761492;764583;764700;769228;769232;769236;769255;769259;769260;769263;769265;771954;771955;771956;771957;771969;771970;774097;776843;776844;776845;776846,1,1,33
D7_RS000882,D7,1,26,5433.927913470329,31,D7_L00465,405,LA,NB,Right,Interstate,LA.405...R,D7_VN020126,D7_VN020156,-118.40693358170222,33.99770083011862,716710;716713;716714;717787;717789;717790;718291;718292;765113;765133;768643;769242;769496;769506;769507;772437;772438;772439;772440;772455;772457;772518;772528;774095;774099;774106,1,1,26
D7_RS000883,D7,1,43,5174.686673605647,39,D7_L00465,405,LA,NB,Right,Interstate,LA.405...R,D7_VN020156,D7_VN020193,-118.44586297906308,34.04687541077979,716715;716716;716717;716720;716722;716723;716724;716725;717794;717795;717797;717798;717799;718297;718301;718302;718303;718304;718500;765115;768969;768971;772532;772533;772539;775155;775156;775157;775158;775165;775166;775170;775199;775200;775249;775250;775251;775261;775263;775276;775280;775286;775321,1,1,43
D7_RS000884,D7,1,34,5295.433568748017,41,D7_L00465,405,LA,NB,Right,Interstate,LA.405...R,D7_VN020193,D7_VN020234,-118.4733150570794,34.087299563466836,716727;716729;716731;716732;716733;716736;717800;717801;717804;717806;718312;718313;718314;764690;764692;764694;764696;766954;775120;775122;775136;775137;775138;775139;775183;775184;775185;775186;775191;775193;775205;775230;775266;775270,1,1,34
D7_RS000885,D7,1,19,5034.405674762161,78,D7_L00465,405,LA,NB,Right,Interstate,LA.405...R,D7_VN020234,D7_VN020310,-118.47001091945498,34.15254626422649,716738;716739;716743;716744;716745;717814;717816;717818;762565;764719;765195;765197;767264;767812;775217;775225;775226;777065;777067,1,1,19
D7_RS000886,D7,1,34,5192.845561855354,22,D7_L00465,405,LA,NB,Right,Interstate,LA.405...R,D7_VN020310,D7_VN020332,-118.47293773627234,34.19752386468475,716746;716748;716749;716750;716751;717819;717820;717823;717824;717825;737529;761511;762567;762569;762571;762602;764615;764717;765124;765126;765263;765265;765297;767350;767351;767352;767353;767366;767367;767368;767369;777061;777062;777285,1,1,34
D7_RS000887,D7,1,16,5062.153869864484,27,D7_L00465,405,LA,NB,Right,Interstate,LA.405...R,D7_VN020332,D7_VN020358,-118.47213978497453,34.25962664368342,716753;717827;762573;765120;765122;768625;768626;771767;771768;771769;771770;771778;771807;771808;771809;771810,1,1,16
D7_RS000888,D7,1,9,1124.712664111506,7,D7_L00465,405,LA,NB,Right,Interstate,LA.405...R,D7_VN020358,D7_VN006864,-118.46902819487167,34.28257697890042,771981;771982;771983;772011;772012;772013;772024;772025;774085,1,1,9
D7_RS000889,D7,1,8,1360.2276057069819,12,D7_L00466,405,LA,NB,Right,Interstate,LA.405.R.R,D7_VN020365,D7_VN020077,-118.36834587608209,33.92872509303615,718057;718058;718470;759427;761468;764588;764590;765159,1,1,8
D7_RS000890,D7,1,40,5012.3513833194675,56,D7_L00467,405,LA,NB,Right,Interstate,LA.405...R,D7_VN020376,D7_VN020431,-118.20634200028275,33.823091797256865,716641;716643;716644;716645;716646;716647;716649;716652;717718;717719;717720;717721;717722;717723;717725;717726;717727;717728;717729;718241;718242;718244;718245;762535;762538;762541;762590;762592;764676;771863;771864;771865;771866;771876;771877;771882;771898;771900;771915;771917,1,1,40
D7_RS000891,D7,1,29,5004.042164492303,42,D7_L00467,405,LA,NB,Right,Interstate,LA.405...R,D7_VN020431,D7_VN020473,-118.26351851080068,33.839622172437,716653;716656;716658;716659;717732;717733;717734;717735;717738;718250;718251;718259;762543;762545;764565;764659;766268;766495;766505;766506;771939;771941;773000;773002;775936;775937;776739;776740;776741,1,1,29
D7_RS000892,D7,1,29,5020.016737008507,44,D7_L00467,405,LA,NB,Right,Interstate,LA.405...R,D7_VN020473,D7_VN020516,-118.30999687592687,33.86174405196652,716663;716664;716665;716667;716668;716670;716671;717740;717741;717742;717743;717744;717747;718261;718262;718266;718267;761435;761439;761441;761532;762547;762549;764611;764613;769249;772473;772474;772475,1,1,29
D7_RS000893,D7,1,41,5127.09951519171,48,D7_L00467,405,LA,NB,Right,Interstate,LA.405...R,D7_VN020516,D7_VN020564,-118.35653838099786,33.88778885517674,716675;716676;716678;716680;716681;716682;716683;716685;716687;716688;716689;717749;717750;717752;717754;717755;717756;717757;717758;717759;717760;717761;717762;717763;717764;717765;718268;718270;718274;718275;718276;718478;718479;718480;761444;761448;762552;762555;762557;764561;764604,1,1,41
D7_RS000894,D7,1,10,1274.098098470847,12,D7_L00467,405,LA,NB,Right,Interstate,LA.405...R,D7_VN020564,D7_VN020365,-118.36967775855932,33.91764159242078,716692;716694;717767;717768;717769;761452;761455;762559;762561;764682,1,1,10
D7_RS000895,D7,1,39,5123.857787627853,51,D7_L00468,405,LA,NB,Right,Interstate,LA.405...R,D7_VN020576,D7_VN020627,-118.11884793850328,33.79901518600212,716617;716620;716621;716622;716623;716624;716629;716630;716631;716632;717696;717700;717701;717702;717703;717705;717706;717707;717708;717709;718218;718219;718220;718221;718222;718223;718224;718227;718233;762517;762520;762523;762526;762578;762580;764661;764667;771826;771828,1,1,39
D7_RS000896,D7,1,21,2745.744355474225,33,D7_L00468,405,LA,NB,Right,Interstate,LA.405...R,D7_VN020627,D7_VN020376,-118.16576466282788,33.81176013487067,716634;716635;716636;716638;716640;717711;717712;717713;717715;717716;717717;718235;718236;718442;762528;762531;762533;771845;771846;771847;771848,1,1,21
D7_RS000905,D7,1,20,5071.005238014723,48,D7_L00470,405,LA,SB,Left,Interstate,LA.405...L,D7_VN020077,D7_VN020125,-118.37366157676823,33.960802810512895,716699;716700;717771;717772;718282;718283;718284;718286;718287;764572;764578;764704;765153;765154;765155;769219;769221;769231;769235;769238,1,1,20
D7_RS000906,D7,1,21,5519.312821338119,28,D7_L00470,405,LA,SB,Left,Interstate,LA.405...L,D7_VN020125,D7_VN020888,-118.40603459311892,33.996449326100546,716709;716712;717788;718290;718295;718296;761500;764567;764671;764686;764748;769241;772454;772456;772519;772527;772529;774101;774105;774108;774112,1,1,21
D7_RS000907,D7,1,11,5225.310347982873,42,D7_L00470,405,LA,SB,Left,Interstate,LA.405...L,D7_VN020888,D7_VN020898,-118.44520309452817,34.04595743226138,716719;716721;718300;718308;765117;768968;768970;772538;775169;775262;775290,1,1,11
D7_RS000908,D7,1,13,5005.393048046112,38,D7_L00470,405,LA,SB,Left,Interstate,LA.405...L,D7_VN020898,D7_VN020906,-118.47381232283489,34.0879174088822,716728;716735;718309;718310;718315;718487;766952;766956;775121;775123;775211;775239;775240,1,1,13
D7_RS000909,D7,1,15,5074.438133826924,71,D7_L00470,405,LA,SB,Left,Interstate,LA.405...L,D7_VN020906,D7_VN020301,-118.47049678231767,34.148930758788765,716740;716741;717807;717809;764754;765169;765171;767053;767054;767055;767056;767258;767260;767262;775214,1,1,15
D7_RS000910,D7,1,7,5149.404505643796,32,D7_L00470,405,LA,SB,Left,Interstate,LA.405...L,D7_VN020301,D7_VN020331,-118.47170324793281,34.19064807290803,716747;717821;717822;765271;765273;765295;765301,1,1,7
D7_RS000911,D7,1,10,5022.15033227659,25,D7_L00470,405,LA,SB,Left,Interstate,LA.405...L,D7_VN020331,D7_VN020355,-118.47241285084873,34.25626875844723,716752;716754;716755;717826;717828;717829;717830;762604;762606;762608,1,1,10
D7_RS000912,D7,1,3,1561.801652869827,11,D7_L00470,405,LA,SB,Left,Interstate,LA.405...L,D7_VN020355,D7_VN020954,-118.46933052203525,34.281621920380985,771997;771998;771999,1,1,3
D7_RS000913,D7,1,4,1277.3692514936283,16,D7_L00471,405,LA,SB,Left,Interstate,LA.405.R.L,D7_VN020365,D7_VN020077,-118.36852053778432,33.929591843314135,718055;764596;764598;767827,1,1,4
D7_RS000914,D7,1,27,5126.326521128635,56,D7_L00472,405,LA,SB,Left,Interstate,LA.405...L,D7_VN020376,D7_VN020432,-118.20724408031428,33.82301798439027,716642;716650;716651;716654;717724;717730;717731;718243;718246;718247;718248;718249;762588;762594;762596;762598;764556;764680;766291;766292;771878;771879;771883;771897;771899;771914;771916,1,1,27
D7_RS000915,D7,1,26,5036.3629131805255,45,D7_L00472,405,LA,SB,Left,Interstate,LA.405...L,D7_VN020432,D7_VN021003,-118.26546039813765,33.84081620170263,716655;716657;716660;716661;718252;718253;718254;718255;718256;718257;718258;718260;764657;766493;766494;766504;771925;771926;771938;771940;772999;773001;773003;774327;774328;774329,1,1,26
D7_RS000916,D7,1,18,5064.35729987062,46,D7_L00472,405,LA,SB,Left,Interstate,LA.405...L,D7_VN021003,D7_VN020519,-118.31529024298244,33.86298377752962,716666;716672;716674;717746;718264;718265;761440;761523;761526;761527;761531;764559;764609;769195;769198;769248;769250;769251,1,1,18
D7_RS000917,D7,1,25,6038.043198999097,54,D7_L00472,405,LA,SB,Left,Interstate,LA.405...L,D7_VN020519,D7_VN020365,-118.36115252690036,33.89616321378521,716684;716686;716691;716693;716884;717751;717753;717766;718277;718278;718279;718280;759422;761445;761538;761541;761548;761552;762553;762600;764563;764669;764706;764735;767847,1,1,25
D7_RS000918,D7,1,22,5066.849408130365,52,D7_L00473,405,LA,SB,Left,Interstate,LA.405...L,D7_VN020576,D7_VN021058,-118.1182424117069,33.7987992545559,716619;716625;716626;716628;717697;717699;718225;718226;718228;718229;718230;718231;718232;718441;762518;762576;762582;764665;771825;771827;771829;771831,1,1,22
D7_RS000919,D7,1,10,2753.7444238761855,34,D7_L00473,405,LA,SB,Left,Interstate,LA.405...L,D7_VN021058,D7_VN020376,-118.16488401021532,33.811551584543366,716637;716639;717710;718237;718238;718239;718240;762584;762586;764663,1,1,10
D7_RS000948,D7,1,35,5015.802462717344,33,D7_L00485,210,LA,EB,Right,State,LA.210.R.R,D7_VN021610,D7_VN021641,-117.8002600343442,34.119972666158986,716143;718047;718354;718448;761396;761397;761400;767649;767650;767651;767882;767883;767884;767895;767896;767897;767898;769139;769150;769151;769152;769758;769759;769760;771603;771604;771605;771606;771618;771619;771620;771621;772966;772968;775854,1,1,35
D7_RS000949,D7,1,16,5462.882355017555,28,D7_L00485,210,LA,EB,Right,State,LA.210.R.R,D7_VN021641,D7_VN021669,-117.74672867048417,34.1199606837589,767909;767910;767911;767912;767924;767925;767926;767927;767939;767940;767941;767942;768011;768012;768013;768014,1,1,16
D7_RS000950,D7,1,12,1684.74703237163,15,D7_L00485,210,LA,EB,Right,State,LA.210.R.R,D7_VN021669,D7_VN021455,-117.70001685646459,34.12089146397167,768025;768026;768027;768028;768040;768041;768042;768043;768054;768055;768056;768057,1,1,12
D7_RS000951,D7,1,27,5009.328566371219,33,D7_L00486,210,LA,EB,Right,Interstate,LA.210.R.R,D7_VN021684,D7_VN021717,-118.0424797885359,34.146655377540824,716598;716600;716603;716605;717641;717654;717658;717659;717666;717667;717671;717672;718205;718206;737490;761115;761117;761126;761128;761130;761337;761339;761342;773154;773155;773193;773195,1,1,27
D7_RS000952,D7,1,24,5014.1822692959795,51,D7_L00486,210,LA,EB,Right,Interstate,LA.210.R.R,D7_VN021717,D7_VN021768,-117.98769810252364,34.13578361836493,716606;718207;718208;718209;718212;718213;761138;761141;761149;761152;761154;761161;761165;761167;761174;761177;761188;761191;761353;761356;769701;769703;769705;775776,1,1,24
D7_RS000953,D7,1,36,5003.801463402869,66,D7_L00486,210,LA,EB,Right,Interstate,LA.210.R.R,D7_VN021768,D7_VN021832,-117.92737059459633,34.12777227712768,716609;716611;717676;717677;717679;717680;717681;717682;717683;717684;718214;718215;761199;761206;761214;761220;761222;761388;765477;768726;769772;769773;769774;770407;772857;772859;772872;772873;772874;772875;772887;772888;772889;772890;774990;775859,1,1,36
D7_RS000954,D7,1,24,5073.39726412338,54,D7_L00486,210,LA,EB,Right,Interstate,LA.210.R.R,D7_VN021832,D7_VN021886,-117.872790722202,34.11939660626648,715972;716612;717685;717690;717691;717692;718216;718469;761228;761240;761242;761390;765486;768945;772903;772905;772917;772919;772932;772934;772953;772954;772955;772956,1,1,24
D7_RS000955,D7,1,6,1312.402705468529,15,D7_L00486,210,LA,EB,Right,Interstate,LA.210.R.R,D7_VN021886,D7_VN021610,-117.83899421662728,34.11943296393678,716026;716142;716616;769744;769745;769746,1,1,6
D7_RS000957,D7,1,6,5020.731063013719,70,D7_L00488,210,LA,EB,Right,Interstate,LA.210.R.R,D7_VN021907,D7_VN021977,-118.30467278801355,34.240155476586125,770116;770117;770118;770129;770130;770131,1,1,6
D7_RS000958,D7,1,13,5043.5519391360995,42,D7_L00488,210,LA,EB,Right,Interstate,LA.210.R.R,D7_VN021977,D7_VN022019,-118.2473622307636,34.22224947433854,769847;769848;769849;769850;769866;769868;769880;769881;769882;769895;769896;769897;769898,1,1,13
D7_RS000959,D7,1,22,5016.4527448821145,55,D7_L00488,210,LA,EB,Right,Interstate,LA.210.R.R,D7_VN022019,D7_VN022072,-118.19267887796063,34.19866382393677,716576;717616;717617;769788;769789;769790;769806;769809;769819;769820;769831;769832;769833;769941;769942;769953;769954;769955;769984;769986;770385;770387,1,1,22
D7_RS000960,D7,1,10,2689.114876367577,43,D7_L00488,210,LA,EB,Right,Interstate,LA.210.R.R,D7_VN022072,D7_VN013641,-118.15843697729201,34.16399681490265,716577;716580;717619;717620;717625;761091;770170;770578;775729;776724,1,1,10
D7_RS000961,D7,1,28,5550.760683388201,47,D7_L00489,210,LA,EB,Right,Interstate,LA.210.R.R,D7_VN013641,D7_VN021900,-118.12533546319447,34.151373249503116,716585;716587;716589;716590;716593;716595;717631;717633;717635;717638;717640;717646;717650;717651;737480;761093;761098;761102;761105;761109;761112;763614;763908;768916;768923;769269;769272;773131,1,1,28
D7_RS000962,D7,1,19,5077.296480126083,54,D7_L00490,210,LA,EB,Right,Interstate,LA.210.R.R,D7_VN005551,D7_VN022214,-118.46004757822882,34.32140124111643,768283;768286;768297;768300;770012;770013;770014;770229;770230;770231;770303;770304;770305;770315;770316;770317;770587;770588;770599,1,1,19
D7_RS000963,D7,1,15,5190.781162145834,35,D7_L00490,210,LA,EB,Right,Interstate,LA.210.R.R,D7_VN022214,D7_VN022248,-118.4117782941542,34.292941225652946,770024;770025;770026;770036;770037;770038;770048;770049;770050;770331;770333;770354;770356;770544;770545,1,1,15
D7_RS000964,D7,1,19,6090.391536404788,53,D7_L00490,210,LA,EB,Right,Interstate,LA.210.R.R,D7_VN022248,D7_VN021907,-118.35183632012297,34.269400331669004,770061;770062;770063;770076;770077;770078;770089;770090;770091;770103;770104;770187;770188;770189;770275;770276;770277;770555;770556,1,1,19
D7_RS000972,D7,1,7,5052.160732527801,40,D7_L00492,210,LA,WB,Left,State,LA.210.R.L,D7_VN021610,D7_VN021641,-117.79997511768619,34.120056324971195,767885;769136;769137;769138;772967;772969;775851,1,1,7
D7_RS000973,D7,1,16,5005.40295067111,30,D7_L00492,210,LA,WB,Left,State,LA.210.R.L,D7_VN021641,D7_VN021668,-117.74696013692203,34.120067132794894,767954;767955;767956;767957;767969;767970;767971;767972;767983;767984;767985;767986;767997;767998;767999;768000,1,1,16
D7_RS000975,D7,1,29,5029.6184655269435,40,D7_L00493,210,LA,WB,Left,Interstate,LA.210.R.L,D7_VN022438,D7_VN021715,-118.04322707910752,34.147124935092954,716596;716597;716599;716601;716602;716604;717107;717652;717653;717656;717657;717661;717662;717663;717664;717665;717669;717670;761327;761329;761428;761431;764144;764146;773179;773180;773194;773196;776416,1,1,29
D7_RS000976,D7,1,16,5034.962404735284,47,D7_L00493,210,LA,WB,Left,Interstate,LA.210.R.L,D7_VN021715,D7_VN022482,-117.98931708191981,34.136066191907155,716881;717673;718210;718211;761363;761366;761371;761374;761377;761380;769702;769704;769706;769722;769723;769724,1,1,16
D7_RS000977,D7,1,18,5023.814217459682,63,D7_L00493,210,LA,WB,Left,Interstate,LA.210.R.L,D7_VN022482,D7_VN021833,-117.92824050218468,34.128147651422246,716607;716608;716610;717674;717675;717678;761382;761384;761386;768886;772858;772860;773204;773205;773206;773207;775795;775796,1,1,18
D7_RS000978,D7,1,18,5031.710774118431,52,D7_L00493,210,LA,WB,Left,Interstate,LA.210.R.L,D7_VN021833,D7_VN022514,-117.87037652174995,34.119211674744754,716613;716614;716615;717686;717687;717688;717689;717693;717694;717695;767704;767780;772902;772904;772918;772920;772933;772935,1,1,18
D7_RS000981,D7,1,4,5044.973868020916,74,D7_L00495,210,LA,WB,Left,Interstate,LA.210.R.L,D7_VN021907,D7_VN022550,-118.30342265595593,34.23988342411923,769965;769966;770141;770142,1,1,4
D7_RS000982,D7,1,10,5052.145119146788,41,D7_L00495,210,LA,WB,Left,Interstate,LA.210.R.L,D7_VN022550,D7_VN022022,-118.24466583535113,34.221026336601426,769867;769869;769911;769912;769913;769926;769927;769928;770401;770402,1,1,10
D7_RS000983,D7,1,11,5013.290655297353,60,D7_L00495,210,LA,WB,Left,Interstate,LA.210.R.L,D7_VN022022,D7_VN022596,-118.19006643701591,34.197598174756386,716575;717615;769807;769808;769983;769985;769998;769999;770000;770386;770388,1,1,11
D7_RS000984,D7,1,14,2626.8673426801606,34,D7_L00495,210,LA,WB,Left,Interstate,LA.210.R.L,D7_VN022596,D7_VN013641,-118.15827243473484,34.16344762972189,716578;716579;716582;717622;717623;717624;717627;717628;763878;770165;770568;770579;775725;776761,1,1,14
D7_RS000985,D7,1,28,5795.64911713786,54,D7_L00496,210,LA,WB,Left,Interstate,LA.210.R.L,D7_VN013641,D7_VN022519,-118.11953756405559,34.15157558709371,716583;716586;716588;716591;716592;716594;717630;717632;717634;717636;717637;717642;717643;717644;717645;717648;717649;761318;761322;761325;764135;764137;764346;764349;768920;768927;769300;773132,1,1,28
D7_RS000986,D7,1,5,5090.677626440673,57,D7_L00497,210,LA,WB,Left,Interstate,LA.210.R.L,D7_VN022653,D7_VN022664,-118.45821117093877,34.32101157502949,770215;770216;770218;770598;770600,1,1,5
D7_RS000987,D7,1,10,5126.336216379547,35,D7_L00497,210,LA,WB,Left,Interstate,LA.210.R.L,D7_VN022664,D7_VN022248,-118.40992621256974,34.291610474648294,770243;770244;770246;770259;770260;770261;770332;770336;770353;770355,1,1,10
D7_RS000988,D7,1,5,6007.293714675976,52,D7_L00497,210,LA,WB,Left,Interstate,LA.210.R.L,D7_VN022248,D7_VN021907,-118.35196631949812,34.269476170425015,770200;770201;770290;770291;770292,1,1,5
