source_idx,target_idx,source_segment_id,target_segment_id
0,1,D7_RS000000,D7_RS000001
1,0,D7_RS000001,D7_RS000000
0,30,D7_RS000000,D7_RS000139
30,0,D7_RS000139,D7_RS000000
0,125,D7_RS000000,D7_RS000442
125,0,D7_RS000442,D7_RS000000
1,3,D7_RS000001,D7_RS000008
3,1,D7_RS000008,D7_RS000001
2,41,D7_RS000003,D7_RS000177
41,2,D7_RS000177,D7_RS000003
2,53,D7_RS000003,D7_RS000192
53,2,D7_RS000192,D7_RS000003
4,5,D7_RS000016,D7_RS000017
5,4,D7_RS000017,D7_RS000016
4,7,D7_RS000016,D7_RS000019
7,4,D7_RS000019,D7_RS000016
4,61,D7_RS000016,D7_RS000205
61,4,D7_RS000205,D7_RS000016
4,62,D7_RS000016,D7_RS000206
62,4,D7_RS000206,D7_RS000016
4,67,D7_RS000016,D7_RS000222
67,4,D7_RS000222,D7_RS000016
4,239,D7_RS000016,D7_RS000838
239,4,D7_RS000838,D7_RS000016
4,247,D7_RS000016,D7_RS000850
247,4,D7_RS000850,D7_RS000016
5,6,D7_RS000017,D7_RS000018
6,5,D7_RS000018,D7_RS000017
5,61,D7_RS000017,D7_RS000205
61,5,D7_RS000205,D7_RS000017
5,62,D7_RS000017,D7_RS000206
62,5,D7_RS000206,D7_RS000017
6,20,D7_RS000018,D7_RS000101
20,6,D7_RS000101,D7_RS000018
6,62,D7_RS000018,D7_RS000206
62,6,D7_RS000206,D7_RS000018
6,63,D7_RS000018,D7_RS000207
63,6,D7_RS000207,D7_RS000018
7,80,D7_RS000019,D7_RS000246
80,7,D7_RS000246,D7_RS000019
8,9,D7_RS000020,D7_RS000021
9,8,D7_RS000021,D7_RS000020
8,20,D7_RS000020,D7_RS000101
20,8,D7_RS000101,D7_RS000020
8,100,D7_RS000020,D7_RS000300
100,8,D7_RS000300,D7_RS000020
8,259,D7_RS000020,D7_RS000864
259,8,D7_RS000864,D7_RS000020
8,267,D7_RS000020,D7_RS000876
267,8,D7_RS000876,D7_RS000020
9,10,D7_RS000021,D7_RS000022
10,9,D7_RS000022,D7_RS000021
9,100,D7_RS000021,D7_RS000300
100,9,D7_RS000300,D7_RS000021
9,101,D7_RS000021,D7_RS000301
101,9,D7_RS000301,D7_RS000021
10,11,D7_RS000022,D7_RS000023
11,10,D7_RS000023,D7_RS000022
10,102,D7_RS000022,D7_RS000302
102,10,D7_RS000302,D7_RS000022
10,103,D7_RS000022,D7_RS000303
103,10,D7_RS000303,D7_RS000022
11,28,D7_RS000023,D7_RS000137
28,11,D7_RS000137,D7_RS000023
11,102,D7_RS000023,D7_RS000302
102,11,D7_RS000302,D7_RS000023
11,103,D7_RS000023,D7_RS000303
103,11,D7_RS000303,D7_RS000023
11,123,D7_RS000023,D7_RS000440
123,11,D7_RS000440,D7_RS000023
12,45,D7_RS000025,D7_RS000182
45,12,D7_RS000182,D7_RS000025
12,67,D7_RS000025,D7_RS000222
67,12,D7_RS000222,D7_RS000025
12,113,D7_RS000025,D7_RS000351
113,12,D7_RS000351,D7_RS000025
13,14,D7_RS000026,D7_RS000027
14,13,D7_RS000027,D7_RS000026
13,15,D7_RS000026,D7_RS000032
15,13,D7_RS000032,D7_RS000026
13,17,D7_RS000026,D7_RS000034
17,13,D7_RS000034,D7_RS000026
13,41,D7_RS000026,D7_RS000177
41,13,D7_RS000177,D7_RS000026
13,53,D7_RS000026,D7_RS000192
53,13,D7_RS000192,D7_RS000026
13,69,D7_RS000026,D7_RS000224
69,13,D7_RS000224,D7_RS000026
14,16,D7_RS000027,D7_RS000033
16,14,D7_RS000033,D7_RS000027
14,55,D7_RS000027,D7_RS000194
55,14,D7_RS000194,D7_RS000027
14,122,D7_RS000027,D7_RS000420
122,14,D7_RS000420,D7_RS000027
15,16,D7_RS000032,D7_RS000033
16,15,D7_RS000033,D7_RS000032
15,17,D7_RS000032,D7_RS000034
17,15,D7_RS000034,D7_RS000032
15,41,D7_RS000032,D7_RS000177
41,15,D7_RS000177,D7_RS000032
15,53,D7_RS000032,D7_RS000192
53,15,D7_RS000192,D7_RS000032
15,69,D7_RS000032,D7_RS000224
69,15,D7_RS000224,D7_RS000032
16,55,D7_RS000033,D7_RS000194
55,16,D7_RS000194,D7_RS000033
16,122,D7_RS000033,D7_RS000420
122,16,D7_RS000420,D7_RS000033
17,27,D7_RS000034,D7_RS000130
27,17,D7_RS000130,D7_RS000034
17,56,D7_RS000034,D7_RS000195
56,17,D7_RS000195,D7_RS000034
17,69,D7_RS000034,D7_RS000224
69,17,D7_RS000224,D7_RS000034
18,85,D7_RS000041,D7_RS000256
85,18,D7_RS000256,D7_RS000041
19,85,D7_RS000043,D7_RS000256
85,19,D7_RS000256,D7_RS000043
19,165,D7_RS000043,D7_RS000652
165,19,D7_RS000652,D7_RS000043
20,63,D7_RS000101,D7_RS000207
63,20,D7_RS000207,D7_RS000101
20,100,D7_RS000101,D7_RS000300
100,20,D7_RS000300,D7_RS000101
21,22,D7_RS000107,D7_RS000108
22,21,D7_RS000108,D7_RS000107
21,24,D7_RS000107,D7_RS000115
24,21,D7_RS000115,D7_RS000107
22,23,D7_RS000108,D7_RS000109
23,22,D7_RS000109,D7_RS000108
22,25,D7_RS000108,D7_RS000116
25,22,D7_RS000116,D7_RS000108
23,26,D7_RS000109,D7_RS000117
26,23,D7_RS000117,D7_RS000109
23,147,D7_RS000109,D7_RS000620
147,23,D7_RS000620,D7_RS000109
23,156,D7_RS000109,D7_RS000632
156,23,D7_RS000632,D7_RS000109
24,25,D7_RS000115,D7_RS000116
25,24,D7_RS000116,D7_RS000115
24,182,D7_RS000115,D7_RS000693
182,24,D7_RS000693,D7_RS000115
24,200,D7_RS000115,D7_RS000729
200,24,D7_RS000729,D7_RS000115
25,26,D7_RS000116,D7_RS000117
26,25,D7_RS000117,D7_RS000116
26,147,D7_RS000117,D7_RS000620
147,26,D7_RS000620,D7_RS000117
26,156,D7_RS000117,D7_RS000632
156,26,D7_RS000632,D7_RS000117
27,29,D7_RS000130,D7_RS000138
29,27,D7_RS000138,D7_RS000130
27,56,D7_RS000130,D7_RS000195
56,27,D7_RS000195,D7_RS000130
27,69,D7_RS000130,D7_RS000224
69,27,D7_RS000224,D7_RS000130
27,124,D7_RS000130,D7_RS000441
124,27,D7_RS000441,D7_RS000130
28,29,D7_RS000137,D7_RS000138
29,28,D7_RS000138,D7_RS000137
28,103,D7_RS000137,D7_RS000303
103,28,D7_RS000303,D7_RS000137
28,123,D7_RS000137,D7_RS000440
123,28,D7_RS000440,D7_RS000137
29,30,D7_RS000138,D7_RS000139
30,29,D7_RS000139,D7_RS000138
29,123,D7_RS000138,D7_RS000440
123,29,D7_RS000440,D7_RS000138
29,124,D7_RS000138,D7_RS000441
124,29,D7_RS000441,D7_RS000138
29,125,D7_RS000138,D7_RS000442
125,29,D7_RS000442,D7_RS000138
30,124,D7_RS000139,D7_RS000441
124,30,D7_RS000441,D7_RS000139
30,125,D7_RS000139,D7_RS000442
125,30,D7_RS000442,D7_RS000139
31,32,D7_RS000167,D7_RS000168
32,31,D7_RS000168,D7_RS000167
31,34,D7_RS000167,D7_RS000170
34,31,D7_RS000170,D7_RS000167
31,35,D7_RS000167,D7_RS000171
35,31,D7_RS000171,D7_RS000167
31,44,D7_RS000167,D7_RS000180
44,31,D7_RS000180,D7_RS000167
31,46,D7_RS000167,D7_RS000185
46,31,D7_RS000185,D7_RS000167
31,72,D7_RS000167,D7_RS000231
72,31,D7_RS000231,D7_RS000167
31,196,D7_RS000167,D7_RS000711
196,31,D7_RS000711,D7_RS000167
31,199,D7_RS000167,D7_RS000714
199,31,D7_RS000714,D7_RS000167
31,205,D7_RS000167,D7_RS000739
205,31,D7_RS000739,D7_RS000167
32,33,D7_RS000168,D7_RS000169
33,32,D7_RS000169,D7_RS000168
32,35,D7_RS000168,D7_RS000171
35,32,D7_RS000171,D7_RS000168
32,36,D7_RS000168,D7_RS000172
36,32,D7_RS000172,D7_RS000168
32,47,D7_RS000168,D7_RS000186
47,32,D7_RS000186,D7_RS000168
32,93,D7_RS000168,D7_RS000272
93,32,D7_RS000272,D7_RS000168
33,36,D7_RS000169,D7_RS000172
36,33,D7_RS000172,D7_RS000169
33,37,D7_RS000169,D7_RS000173
37,33,D7_RS000173,D7_RS000169
33,47,D7_RS000169,D7_RS000186
47,33,D7_RS000186,D7_RS000169
33,48,D7_RS000169,D7_RS000187
48,33,D7_RS000187,D7_RS000169
33,93,D7_RS000169,D7_RS000272
93,33,D7_RS000272,D7_RS000169
34,35,D7_RS000170,D7_RS000171
35,34,D7_RS000171,D7_RS000170
34,44,D7_RS000170,D7_RS000180
44,34,D7_RS000180,D7_RS000170
34,46,D7_RS000170,D7_RS000185
46,34,D7_RS000185,D7_RS000170
34,72,D7_RS000170,D7_RS000231
72,34,D7_RS000231,D7_RS000170
35,36,D7_RS000171,D7_RS000172
36,35,D7_RS000172,D7_RS000171
35,44,D7_RS000171,D7_RS000180
44,35,D7_RS000180,D7_RS000171
35,46,D7_RS000171,D7_RS000185
46,35,D7_RS000185,D7_RS000171
35,47,D7_RS000171,D7_RS000186
47,35,D7_RS000186,D7_RS000171
35,72,D7_RS000171,D7_RS000231
72,35,D7_RS000231,D7_RS000171
35,93,D7_RS000171,D7_RS000272
93,35,D7_RS000272,D7_RS000171
35,239,D7_RS000171,D7_RS000838
239,35,D7_RS000838,D7_RS000171
35,247,D7_RS000171,D7_RS000850
247,35,D7_RS000850,D7_RS000171
36,37,D7_RS000172,D7_RS000173
37,36,D7_RS000173,D7_RS000172
36,47,D7_RS000172,D7_RS000186
47,36,D7_RS000186,D7_RS000172
36,48,D7_RS000172,D7_RS000187
48,36,D7_RS000187,D7_RS000172
36,93,D7_RS000172,D7_RS000272
93,36,D7_RS000272,D7_RS000172
37,38,D7_RS000173,D7_RS000174
38,37,D7_RS000174,D7_RS000173
37,48,D7_RS000173,D7_RS000187
48,37,D7_RS000187,D7_RS000173
37,49,D7_RS000173,D7_RS000188
49,37,D7_RS000188,D7_RS000173
38,39,D7_RS000174,D7_RS000175
39,38,D7_RS000175,D7_RS000174
38,49,D7_RS000174,D7_RS000188
49,38,D7_RS000188,D7_RS000174
38,50,D7_RS000174,D7_RS000189
50,38,D7_RS000189,D7_RS000174
38,252,D7_RS000174,D7_RS000857
252,38,D7_RS000857,D7_RS000174
38,259,D7_RS000174,D7_RS000864
259,38,D7_RS000864,D7_RS000174
38,260,D7_RS000174,D7_RS000869
260,38,D7_RS000869,D7_RS000174
38,267,D7_RS000174,D7_RS000876
267,38,D7_RS000876,D7_RS000174
39,40,D7_RS000175,D7_RS000176
40,39,D7_RS000176,D7_RS000175
39,50,D7_RS000175,D7_RS000189
50,39,D7_RS000189,D7_RS000175
39,51,D7_RS000175,D7_RS000190
51,39,D7_RS000190,D7_RS000175
40,41,D7_RS000176,D7_RS000177
41,40,D7_RS000177,D7_RS000176
40,51,D7_RS000176,D7_RS000190
51,40,D7_RS000190,D7_RS000176
40,52,D7_RS000176,D7_RS000191
52,40,D7_RS000191,D7_RS000176
41,42,D7_RS000177,D7_RS000178
42,41,D7_RS000178,D7_RS000177
41,52,D7_RS000177,D7_RS000191
52,41,D7_RS000191,D7_RS000177
41,53,D7_RS000177,D7_RS000192
53,41,D7_RS000192,D7_RS000177
42,43,D7_RS000178,D7_RS000179
43,42,D7_RS000179,D7_RS000178
42,53,D7_RS000178,D7_RS000192
53,42,D7_RS000192,D7_RS000178
42,54,D7_RS000178,D7_RS000193
54,42,D7_RS000193,D7_RS000178
43,54,D7_RS000179,D7_RS000193
54,43,D7_RS000193,D7_RS000179
44,46,D7_RS000180,D7_RS000185
46,44,D7_RS000185,D7_RS000180
44,72,D7_RS000180,D7_RS000231
72,44,D7_RS000231,D7_RS000180
45,60,D7_RS000182,D7_RS000204
60,45,D7_RS000204,D7_RS000182
45,67,D7_RS000182,D7_RS000222
67,45,D7_RS000222,D7_RS000182
45,72,D7_RS000182,D7_RS000231
72,45,D7_RS000231,D7_RS000182
45,113,D7_RS000182,D7_RS000351
113,45,D7_RS000351,D7_RS000182
45,121,D7_RS000182,D7_RS000393
121,45,D7_RS000393,D7_RS000182
45,164,D7_RS000182,D7_RS000651
164,45,D7_RS000651,D7_RS000182
45,166,D7_RS000182,D7_RS000655
166,45,D7_RS000655,D7_RS000182
45,208,D7_RS000182,D7_RS000743
208,45,D7_RS000743,D7_RS000182
45,215,D7_RS000182,D7_RS000764
215,45,D7_RS000764,D7_RS000182
46,47,D7_RS000185,D7_RS000186
47,46,D7_RS000186,D7_RS000185
46,72,D7_RS000185,D7_RS000231
72,46,D7_RS000231,D7_RS000185
46,239,D7_RS000185,D7_RS000838
239,46,D7_RS000838,D7_RS000185
46,247,D7_RS000185,D7_RS000850
247,46,D7_RS000850,D7_RS000185
47,48,D7_RS000186,D7_RS000187
48,47,D7_RS000187,D7_RS000186
47,93,D7_RS000186,D7_RS000272
93,47,D7_RS000272,D7_RS000186
48,49,D7_RS000187,D7_RS000188
49,48,D7_RS000188,D7_RS000187
49,50,D7_RS000188,D7_RS000189
50,49,D7_RS000189,D7_RS000188
49,252,D7_RS000188,D7_RS000857
252,49,D7_RS000857,D7_RS000188
49,259,D7_RS000188,D7_RS000864
259,49,D7_RS000864,D7_RS000188
49,260,D7_RS000188,D7_RS000869
260,49,D7_RS000869,D7_RS000188
49,267,D7_RS000188,D7_RS000876
267,49,D7_RS000876,D7_RS000188
50,51,D7_RS000189,D7_RS000190
51,50,D7_RS000190,D7_RS000189
51,52,D7_RS000190,D7_RS000191
52,51,D7_RS000191,D7_RS000190
52,53,D7_RS000191,D7_RS000192
53,52,D7_RS000192,D7_RS000191
53,54,D7_RS000192,D7_RS000193
54,53,D7_RS000193,D7_RS000192
55,122,D7_RS000194,D7_RS000420
122,55,D7_RS000420,D7_RS000194
55,299,D7_RS000194,D7_RS000948
299,55,D7_RS000948,D7_RS000194
55,306,D7_RS000194,D7_RS000955
306,55,D7_RS000955,D7_RS000194
55,315,D7_RS000194,D7_RS000972
315,55,D7_RS000972,D7_RS000194
56,69,D7_RS000195,D7_RS000224
69,56,D7_RS000224,D7_RS000195
57,58,D7_RS000201,D7_RS000202
58,57,D7_RS000202,D7_RS000201
57,118,D7_RS000201,D7_RS000390
118,57,D7_RS000390,D7_RS000201
57,119,D7_RS000201,D7_RS000391
119,57,D7_RS000391,D7_RS000201
57,270,D7_RS000201,D7_RS000883
270,57,D7_RS000883,D7_RS000201
57,286,D7_RS000201,D7_RS000907
286,57,D7_RS000907,D7_RS000201
58,59,D7_RS000202,D7_RS000203
59,58,D7_RS000203,D7_RS000202
58,119,D7_RS000202,D7_RS000391
119,58,D7_RS000391,D7_RS000202
58,120,D7_RS000202,D7_RS000392
120,58,D7_RS000392,D7_RS000202
59,60,D7_RS000203,D7_RS000204
60,59,D7_RS000204,D7_RS000203
59,120,D7_RS000203,D7_RS000392
120,59,D7_RS000392,D7_RS000203
59,121,D7_RS000203,D7_RS000393
121,59,D7_RS000393,D7_RS000203
60,113,D7_RS000204,D7_RS000351
113,60,D7_RS000351,D7_RS000204
60,121,D7_RS000204,D7_RS000393
121,60,D7_RS000393,D7_RS000204
61,62,D7_RS000205,D7_RS000206
62,61,D7_RS000206,D7_RS000205
61,239,D7_RS000205,D7_RS000838
239,61,D7_RS000838,D7_RS000205
61,247,D7_RS000205,D7_RS000850
247,61,D7_RS000850,D7_RS000205
62,63,D7_RS000206,D7_RS000207
63,62,D7_RS000207,D7_RS000206
64,65,D7_RS000219,D7_RS000220
65,64,D7_RS000220,D7_RS000219
64,84,D7_RS000219,D7_RS000255
84,64,D7_RS000255,D7_RS000219
64,114,D7_RS000219,D7_RS000356
114,64,D7_RS000356,D7_RS000219
64,115,D7_RS000219,D7_RS000357
115,64,D7_RS000357,D7_RS000219
64,127,D7_RS000219,D7_RS000475
127,64,D7_RS000475,D7_RS000219
64,256,D7_RS000219,D7_RS000861
256,64,D7_RS000861,D7_RS000219
64,264,D7_RS000219,D7_RS000873
264,64,D7_RS000873,D7_RS000219
65,66,D7_RS000220,D7_RS000221
66,65,D7_RS000221,D7_RS000220
65,114,D7_RS000220,D7_RS000356
114,65,D7_RS000356,D7_RS000220
65,115,D7_RS000220,D7_RS000357
115,65,D7_RS000357,D7_RS000220
66,67,D7_RS000221,D7_RS000222
67,66,D7_RS000222,D7_RS000221
66,116,D7_RS000221,D7_RS000358
116,66,D7_RS000358,D7_RS000221
66,238,D7_RS000221,D7_RS000837
238,66,D7_RS000837,D7_RS000221
66,246,D7_RS000221,D7_RS000849
246,66,D7_RS000849,D7_RS000221
67,72,D7_RS000222,D7_RS000231
72,67,D7_RS000231,D7_RS000222
67,113,D7_RS000222,D7_RS000351
113,67,D7_RS000351,D7_RS000222
67,116,D7_RS000222,D7_RS000358
116,67,D7_RS000358,D7_RS000222
68,83,D7_RS000223,D7_RS000254
83,68,D7_RS000254,D7_RS000223
68,117,D7_RS000223,D7_RS000374
117,68,D7_RS000374,D7_RS000223
68,126,D7_RS000223,D7_RS000474
126,68,D7_RS000474,D7_RS000223
70,71,D7_RS000226,D7_RS000227
71,70,D7_RS000227,D7_RS000226
70,81,D7_RS000226,D7_RS000248
81,70,D7_RS000248,D7_RS000226
71,81,D7_RS000227,D7_RS000248
81,71,D7_RS000248,D7_RS000227
71,82,D7_RS000227,D7_RS000249
82,71,D7_RS000249,D7_RS000227
72,73,D7_RS000231,D7_RS000232
73,72,D7_RS000232,D7_RS000231
72,86,D7_RS000231,D7_RS000260
86,72,D7_RS000260,D7_RS000231
72,113,D7_RS000231,D7_RS000351
113,72,D7_RS000351,D7_RS000231
72,157,D7_RS000231,D7_RS000643
157,72,D7_RS000643,D7_RS000231
73,74,D7_RS000232,D7_RS000233
74,73,D7_RS000233,D7_RS000232
73,86,D7_RS000232,D7_RS000260
86,73,D7_RS000260,D7_RS000232
73,96,D7_RS000232,D7_RS000293
96,73,D7_RS000293,D7_RS000232
73,99,D7_RS000232,D7_RS000299
99,73,D7_RS000299,D7_RS000232
74,75,D7_RS000233,D7_RS000234
75,74,D7_RS000234,D7_RS000233
74,86,D7_RS000233,D7_RS000260
86,74,D7_RS000260,D7_RS000233
74,87,D7_RS000233,D7_RS000261
87,74,D7_RS000261,D7_RS000233
74,88,D7_RS000233,D7_RS000262
88,74,D7_RS000262,D7_RS000233
74,132,D7_RS000233,D7_RS000576
132,74,D7_RS000576,D7_RS000233
74,136,D7_RS000233,D7_RS000580
136,74,D7_RS000580,D7_RS000233
74,216,D7_RS000233,D7_RS000766
216,74,D7_RS000766,D7_RS000233
75,76,D7_RS000234,D7_RS000235
76,75,D7_RS000235,D7_RS000234
75,87,D7_RS000234,D7_RS000261
87,75,D7_RS000261,D7_RS000234
75,88,D7_RS000234,D7_RS000262
88,75,D7_RS000262,D7_RS000234
76,77,D7_RS000235,D7_RS000236
77,76,D7_RS000236,D7_RS000235
76,88,D7_RS000235,D7_RS000262
88,76,D7_RS000262,D7_RS000235
76,89,D7_RS000235,D7_RS000263
89,76,D7_RS000263,D7_RS000235
77,78,D7_RS000236,D7_RS000237
78,77,D7_RS000237,D7_RS000236
77,89,D7_RS000236,D7_RS000263
89,77,D7_RS000263,D7_RS000236
77,90,D7_RS000236,D7_RS000264
90,77,D7_RS000264,D7_RS000236
77,129,D7_RS000236,D7_RS000492
129,77,D7_RS000492,D7_RS000236
77,181,D7_RS000236,D7_RS000678
181,77,D7_RS000678,D7_RS000236
78,79,D7_RS000237,D7_RS000238
79,78,D7_RS000238,D7_RS000237
78,90,D7_RS000237,D7_RS000264
90,78,D7_RS000264,D7_RS000237
78,91,D7_RS000237,D7_RS000265
91,78,D7_RS000265,D7_RS000237
78,139,D7_RS000237,D7_RS000612
139,78,D7_RS000612,D7_RS000237
78,148,D7_RS000237,D7_RS000624
148,78,D7_RS000624,D7_RS000237
79,91,D7_RS000238,D7_RS000265
91,79,D7_RS000265,D7_RS000238
79,92,D7_RS000238,D7_RS000266
92,79,D7_RS000266,D7_RS000238
79,104,D7_RS000238,D7_RS000307
104,79,D7_RS000307,D7_RS000238
79,109,D7_RS000238,D7_RS000332
109,79,D7_RS000332,D7_RS000238
79,275,D7_RS000238,D7_RS000888
275,79,D7_RS000888,D7_RS000238
81,82,D7_RS000248,D7_RS000249
82,81,D7_RS000249,D7_RS000248
81,104,D7_RS000248,D7_RS000307
104,81,D7_RS000307,D7_RS000248
81,109,D7_RS000248,D7_RS000332
109,81,D7_RS000332,D7_RS000248
83,84,D7_RS000254,D7_RS000255
84,83,D7_RS000255,D7_RS000254
83,117,D7_RS000254,D7_RS000374
117,83,D7_RS000374,D7_RS000254
83,126,D7_RS000254,D7_RS000474
126,83,D7_RS000474,D7_RS000254
83,127,D7_RS000254,D7_RS000475
127,83,D7_RS000475,D7_RS000254
84,114,D7_RS000255,D7_RS000356
114,84,D7_RS000356,D7_RS000255
84,127,D7_RS000255,D7_RS000475
127,84,D7_RS000475,D7_RS000255
85,165,D7_RS000256,D7_RS000652
165,85,D7_RS000652,D7_RS000256
86,87,D7_RS000260,D7_RS000261
87,86,D7_RS000261,D7_RS000260
86,96,D7_RS000260,D7_RS000293
96,86,D7_RS000293,D7_RS000260
86,99,D7_RS000260,D7_RS000299
99,86,D7_RS000299,D7_RS000260
87,88,D7_RS000261,D7_RS000262
88,87,D7_RS000262,D7_RS000261
87,132,D7_RS000261,D7_RS000576
132,87,D7_RS000576,D7_RS000261
87,136,D7_RS000261,D7_RS000580
136,87,D7_RS000580,D7_RS000261
87,216,D7_RS000261,D7_RS000766
216,87,D7_RS000766,D7_RS000261
88,89,D7_RS000262,D7_RS000263
89,88,D7_RS000263,D7_RS000262
89,90,D7_RS000263,D7_RS000264
90,89,D7_RS000264,D7_RS000263
90,91,D7_RS000264,D7_RS000265
91,90,D7_RS000265,D7_RS000264
90,129,D7_RS000264,D7_RS000492
129,90,D7_RS000492,D7_RS000264
91,92,D7_RS000265,D7_RS000266
92,91,D7_RS000266,D7_RS000265
91,139,D7_RS000265,D7_RS000612
139,91,D7_RS000612,D7_RS000265
91,148,D7_RS000265,D7_RS000624
148,91,D7_RS000624,D7_RS000265
92,104,D7_RS000266,D7_RS000307
104,92,D7_RS000307,D7_RS000266
92,109,D7_RS000266,D7_RS000332
109,92,D7_RS000332,D7_RS000266
92,275,D7_RS000266,D7_RS000888
275,92,D7_RS000888,D7_RS000266
94,95,D7_RS000290,D7_RS000291
95,94,D7_RS000291,D7_RS000290
94,96,D7_RS000290,D7_RS000293
96,94,D7_RS000293,D7_RS000290
94,97,D7_RS000290,D7_RS000295
97,94,D7_RS000295,D7_RS000290
94,98,D7_RS000290,D7_RS000296
98,94,D7_RS000296,D7_RS000290
94,99,D7_RS000290,D7_RS000299
99,94,D7_RS000299,D7_RS000290
94,130,D7_RS000290,D7_RS000574
130,94,D7_RS000574,D7_RS000290
94,235,D7_RS000290,D7_RS000820
235,94,D7_RS000820,D7_RS000290
95,97,D7_RS000291,D7_RS000295
97,95,D7_RS000295,D7_RS000291
95,98,D7_RS000291,D7_RS000296
98,95,D7_RS000296,D7_RS000291
95,309,D7_RS000291,D7_RS000959
309,95,D7_RS000959,D7_RS000291
95,323,D7_RS000291,D7_RS000983
323,95,D7_RS000983,D7_RS000291
96,97,D7_RS000293,D7_RS000295
97,96,D7_RS000295,D7_RS000293
96,99,D7_RS000293,D7_RS000299
99,96,D7_RS000299,D7_RS000293
97,98,D7_RS000295,D7_RS000296
98,97,D7_RS000296,D7_RS000295
97,99,D7_RS000295,D7_RS000299
99,97,D7_RS000299,D7_RS000295
97,130,D7_RS000295,D7_RS000574
130,97,D7_RS000574,D7_RS000295
97,235,D7_RS000295,D7_RS000820
235,97,D7_RS000820,D7_RS000295
98,309,D7_RS000296,D7_RS000959
309,98,D7_RS000959,D7_RS000296
98,323,D7_RS000296,D7_RS000983
323,98,D7_RS000983,D7_RS000296
100,101,D7_RS000300,D7_RS000301
101,100,D7_RS000301,D7_RS000300
100,259,D7_RS000300,D7_RS000864
259,100,D7_RS000864,D7_RS000300
100,267,D7_RS000300,D7_RS000876
267,100,D7_RS000876,D7_RS000300
101,102,D7_RS000301,D7_RS000302
102,101,D7_RS000302,D7_RS000301
102,103,D7_RS000302,D7_RS000303
103,102,D7_RS000303,D7_RS000302
103,123,D7_RS000303,D7_RS000440
123,103,D7_RS000440,D7_RS000303
104,105,D7_RS000307,D7_RS000308
105,104,D7_RS000308,D7_RS000307
104,109,D7_RS000307,D7_RS000332
109,104,D7_RS000332,D7_RS000307
104,110,D7_RS000307,D7_RS000333
110,104,D7_RS000333,D7_RS000307
104,312,D7_RS000307,D7_RS000962
312,104,D7_RS000962,D7_RS000307
105,106,D7_RS000308,D7_RS000309
106,105,D7_RS000309,D7_RS000308
105,109,D7_RS000308,D7_RS000332
109,105,D7_RS000332,D7_RS000308
105,110,D7_RS000308,D7_RS000333
110,105,D7_RS000333,D7_RS000308
106,107,D7_RS000309,D7_RS000310
107,106,D7_RS000310,D7_RS000309
106,111,D7_RS000309,D7_RS000334
111,106,D7_RS000334,D7_RS000309
106,112,D7_RS000309,D7_RS000335
112,106,D7_RS000335,D7_RS000309
107,108,D7_RS000310,D7_RS000311
108,107,D7_RS000311,D7_RS000310
107,111,D7_RS000310,D7_RS000334
111,107,D7_RS000334,D7_RS000310
107,112,D7_RS000310,D7_RS000335
112,107,D7_RS000335,D7_RS000310
108,112,D7_RS000311,D7_RS000335
112,108,D7_RS000335,D7_RS000311
109,110,D7_RS000332,D7_RS000333
110,109,D7_RS000333,D7_RS000332
109,312,D7_RS000332,D7_RS000962
312,109,D7_RS000962,D7_RS000332
110,111,D7_RS000333,D7_RS000334
111,110,D7_RS000334,D7_RS000333
111,112,D7_RS000334,D7_RS000335
112,111,D7_RS000335,D7_RS000334
113,121,D7_RS000351,D7_RS000393
121,113,D7_RS000393,D7_RS000351
113,164,D7_RS000351,D7_RS000651
164,113,D7_RS000651,D7_RS000351
113,166,D7_RS000351,D7_RS000655
166,113,D7_RS000655,D7_RS000351
113,208,D7_RS000351,D7_RS000743
208,113,D7_RS000743,D7_RS000351
113,215,D7_RS000351,D7_RS000764
215,113,D7_RS000764,D7_RS000351
114,115,D7_RS000356,D7_RS000357
115,114,D7_RS000357,D7_RS000356
114,127,D7_RS000356,D7_RS000475
127,114,D7_RS000475,D7_RS000356
114,256,D7_RS000356,D7_RS000861
256,114,D7_RS000861,D7_RS000356
114,264,D7_RS000356,D7_RS000873
264,114,D7_RS000873,D7_RS000356
115,116,D7_RS000357,D7_RS000358
116,115,D7_RS000358,D7_RS000357
116,238,D7_RS000358,D7_RS000837
238,116,D7_RS000837,D7_RS000358
116,246,D7_RS000358,D7_RS000849
246,116,D7_RS000849,D7_RS000358
117,126,D7_RS000374,D7_RS000474
126,117,D7_RS000474,D7_RS000374
118,119,D7_RS000390,D7_RS000391
119,118,D7_RS000391,D7_RS000390
118,270,D7_RS000390,D7_RS000883
270,118,D7_RS000883,D7_RS000390
118,286,D7_RS000390,D7_RS000907
286,118,D7_RS000907,D7_RS000390
119,120,D7_RS000391,D7_RS000392
120,119,D7_RS000392,D7_RS000391
120,121,D7_RS000392,D7_RS000393
121,120,D7_RS000393,D7_RS000392
123,124,D7_RS000440,D7_RS000441
124,123,D7_RS000441,D7_RS000440
124,125,D7_RS000441,D7_RS000442
125,124,D7_RS000442,D7_RS000441
126,127,D7_RS000474,D7_RS000475
127,126,D7_RS000475,D7_RS000474
128,129,D7_RS000491,D7_RS000492
129,128,D7_RS000492,D7_RS000491
128,134,D7_RS000491,D7_RS000578
134,128,D7_RS000578,D7_RS000491
128,137,D7_RS000491,D7_RS000581
137,128,D7_RS000581,D7_RS000491
128,180,D7_RS000491,D7_RS000677
180,128,D7_RS000677,D7_RS000491
128,181,D7_RS000491,D7_RS000678
181,128,D7_RS000678,D7_RS000491
128,195,D7_RS000491,D7_RS000710
195,128,D7_RS000710,D7_RS000491
129,181,D7_RS000492,D7_RS000678
181,129,D7_RS000678,D7_RS000492
130,131,D7_RS000574,D7_RS000575
131,130,D7_RS000575,D7_RS000574
130,132,D7_RS000574,D7_RS000576
132,130,D7_RS000576,D7_RS000574
130,136,D7_RS000574,D7_RS000580
136,130,D7_RS000580,D7_RS000574
130,235,D7_RS000574,D7_RS000820
235,130,D7_RS000820,D7_RS000574
130,236,D7_RS000574,D7_RS000821
236,130,D7_RS000821,D7_RS000574
131,236,D7_RS000575,D7_RS000821
236,131,D7_RS000821,D7_RS000575
131,310,D7_RS000575,D7_RS000960
310,131,D7_RS000960,D7_RS000575
131,311,D7_RS000575,D7_RS000961
311,131,D7_RS000961,D7_RS000575
131,324,D7_RS000575,D7_RS000984
324,131,D7_RS000984,D7_RS000575
131,325,D7_RS000575,D7_RS000985
325,131,D7_RS000985,D7_RS000575
132,133,D7_RS000576,D7_RS000577
133,132,D7_RS000577,D7_RS000576
132,136,D7_RS000576,D7_RS000580
136,132,D7_RS000580,D7_RS000576
132,235,D7_RS000576,D7_RS000820
235,132,D7_RS000820,D7_RS000576
133,135,D7_RS000577,D7_RS000579
135,133,D7_RS000579,D7_RS000577
133,138,D7_RS000577,D7_RS000582
138,133,D7_RS000582,D7_RS000577
133,216,D7_RS000577,D7_RS000766
216,133,D7_RS000766,D7_RS000577
134,135,D7_RS000578,D7_RS000579
135,134,D7_RS000579,D7_RS000578
134,137,D7_RS000578,D7_RS000581
137,134,D7_RS000581,D7_RS000578
134,180,D7_RS000578,D7_RS000677
180,134,D7_RS000677,D7_RS000578
134,195,D7_RS000578,D7_RS000710
195,134,D7_RS000710,D7_RS000578
135,138,D7_RS000579,D7_RS000582
138,135,D7_RS000582,D7_RS000579
135,216,D7_RS000579,D7_RS000766
216,135,D7_RS000766,D7_RS000579
136,216,D7_RS000580,D7_RS000766
216,136,D7_RS000766,D7_RS000580
136,235,D7_RS000580,D7_RS000820
235,136,D7_RS000820,D7_RS000580
137,138,D7_RS000581,D7_RS000582
138,137,D7_RS000582,D7_RS000581
137,180,D7_RS000581,D7_RS000677
180,137,D7_RS000677,D7_RS000581
137,195,D7_RS000581,D7_RS000710
195,137,D7_RS000710,D7_RS000581
138,216,D7_RS000582,D7_RS000766
216,138,D7_RS000766,D7_RS000582
139,142,D7_RS000612,D7_RS000615
142,139,D7_RS000615,D7_RS000612
139,148,D7_RS000612,D7_RS000624
148,139,D7_RS000624,D7_RS000612
139,167,D7_RS000612,D7_RS000656
167,139,D7_RS000656,D7_RS000612
139,209,D7_RS000612,D7_RS000751
209,139,D7_RS000751,D7_RS000612
140,141,D7_RS000613,D7_RS000614
141,140,D7_RS000614,D7_RS000613
140,146,D7_RS000613,D7_RS000619
146,140,D7_RS000619,D7_RS000613
140,149,D7_RS000613,D7_RS000625
149,140,D7_RS000625,D7_RS000613
140,155,D7_RS000613,D7_RS000631
155,140,D7_RS000631,D7_RS000613
141,142,D7_RS000614,D7_RS000615
142,141,D7_RS000615,D7_RS000614
141,150,D7_RS000614,D7_RS000626
150,141,D7_RS000626,D7_RS000614
142,150,D7_RS000615,D7_RS000626
150,142,D7_RS000626,D7_RS000615
142,151,D7_RS000615,D7_RS000627
151,142,D7_RS000627,D7_RS000615
142,274,D7_RS000615,D7_RS000887
274,142,D7_RS000887,D7_RS000615
142,290,D7_RS000615,D7_RS000911
290,142,D7_RS000911,D7_RS000615
143,144,D7_RS000616,D7_RS000617
144,143,D7_RS000617,D7_RS000616
143,147,D7_RS000616,D7_RS000620
147,143,D7_RS000620,D7_RS000616
144,145,D7_RS000617,D7_RS000618
145,144,D7_RS000618,D7_RS000617
145,146,D7_RS000618,D7_RS000619
146,145,D7_RS000619,D7_RS000618
145,154,D7_RS000618,D7_RS000630
154,145,D7_RS000630,D7_RS000618
146,149,D7_RS000619,D7_RS000625
149,146,D7_RS000625,D7_RS000619
146,154,D7_RS000619,D7_RS000630
154,146,D7_RS000630,D7_RS000619
146,155,D7_RS000619,D7_RS000631
155,146,D7_RS000631,D7_RS000619
147,156,D7_RS000620,D7_RS000632
156,147,D7_RS000632,D7_RS000620
148,151,D7_RS000624,D7_RS000627
151,148,D7_RS000627,D7_RS000624
148,167,D7_RS000624,D7_RS000656
167,148,D7_RS000656,D7_RS000624
148,209,D7_RS000624,D7_RS000751
209,148,D7_RS000751,D7_RS000624
149,150,D7_RS000625,D7_RS000626
150,149,D7_RS000626,D7_RS000625
149,155,D7_RS000625,D7_RS000631
155,149,D7_RS000631,D7_RS000625
150,151,D7_RS000626,D7_RS000627
151,150,D7_RS000627,D7_RS000626
151,274,D7_RS000627,D7_RS000887
274,151,D7_RS000887,D7_RS000627
151,290,D7_RS000627,D7_RS000911
290,151,D7_RS000911,D7_RS000627
152,153,D7_RS000628,D7_RS000629
153,152,D7_RS000629,D7_RS000628
152,156,D7_RS000628,D7_RS000632
156,152,D7_RS000632,D7_RS000628
153,154,D7_RS000629,D7_RS000630
154,153,D7_RS000630,D7_RS000629
154,155,D7_RS000630,D7_RS000631
155,154,D7_RS000631,D7_RS000630
157,158,D7_RS000643,D7_RS000645
158,157,D7_RS000645,D7_RS000643
157,228,D7_RS000643,D7_RS000806
228,157,D7_RS000806,D7_RS000643
158,166,D7_RS000645,D7_RS000655
166,158,D7_RS000655,D7_RS000645
158,208,D7_RS000645,D7_RS000743
208,158,D7_RS000743,D7_RS000645
158,228,D7_RS000645,D7_RS000806
228,158,D7_RS000806,D7_RS000645
159,160,D7_RS000646,D7_RS000647
160,159,D7_RS000647,D7_RS000646
159,165,D7_RS000646,D7_RS000652
165,159,D7_RS000652,D7_RS000646
159,211,D7_RS000646,D7_RS000760
211,159,D7_RS000760,D7_RS000646
160,161,D7_RS000647,D7_RS000648
161,160,D7_RS000648,D7_RS000647
160,211,D7_RS000647,D7_RS000760
211,160,D7_RS000760,D7_RS000647
160,279,D7_RS000647,D7_RS000892
279,160,D7_RS000892,D7_RS000647
160,294,D7_RS000647,D7_RS000915
294,160,D7_RS000915,D7_RS000647
161,162,D7_RS000648,D7_RS000649
162,161,D7_RS000649,D7_RS000648
161,212,D7_RS000648,D7_RS000761
212,161,D7_RS000761,D7_RS000648
161,213,D7_RS000648,D7_RS000762
213,161,D7_RS000762,D7_RS000648
161,217,D7_RS000648,D7_RS000777
217,161,D7_RS000777,D7_RS000648
161,221,D7_RS000648,D7_RS000781
221,161,D7_RS000781,D7_RS000648
161,222,D7_RS000648,D7_RS000787
222,161,D7_RS000787,D7_RS000648
162,163,D7_RS000649,D7_RS000650
163,162,D7_RS000650,D7_RS000649
162,170,D7_RS000649,D7_RS000662
170,162,D7_RS000662,D7_RS000649
162,176,D7_RS000649,D7_RS000673
176,162,D7_RS000673,D7_RS000649
162,212,D7_RS000649,D7_RS000761
212,162,D7_RS000761,D7_RS000649
162,213,D7_RS000649,D7_RS000762
213,162,D7_RS000762,D7_RS000649
162,214,D7_RS000649,D7_RS000763
214,162,D7_RS000763,D7_RS000649
163,164,D7_RS000650,D7_RS000651
164,163,D7_RS000651,D7_RS000650
163,213,D7_RS000650,D7_RS000762
213,163,D7_RS000762,D7_RS000650
163,214,D7_RS000650,D7_RS000763
214,163,D7_RS000763,D7_RS000650
163,215,D7_RS000650,D7_RS000764
215,163,D7_RS000764,D7_RS000650
164,166,D7_RS000651,D7_RS000655
166,164,D7_RS000655,D7_RS000651
164,208,D7_RS000651,D7_RS000743
208,164,D7_RS000743,D7_RS000651
164,214,D7_RS000651,D7_RS000763
214,164,D7_RS000763,D7_RS000651
164,215,D7_RS000651,D7_RS000764
215,164,D7_RS000764,D7_RS000651
166,196,D7_RS000655,D7_RS000711
196,166,D7_RS000711,D7_RS000655
166,205,D7_RS000655,D7_RS000739
205,166,D7_RS000739,D7_RS000655
166,208,D7_RS000655,D7_RS000743
208,166,D7_RS000743,D7_RS000655
166,215,D7_RS000655,D7_RS000764
215,166,D7_RS000764,D7_RS000655
166,228,D7_RS000655,D7_RS000806
228,166,D7_RS000806,D7_RS000655
167,209,D7_RS000656,D7_RS000751
209,167,D7_RS000751,D7_RS000656
167,313,D7_RS000656,D7_RS000963
313,167,D7_RS000963,D7_RS000656
167,327,D7_RS000656,D7_RS000987
327,167,D7_RS000987,D7_RS000656
168,169,D7_RS000660,D7_RS000661
169,168,D7_RS000661,D7_RS000660
168,174,D7_RS000660,D7_RS000671
174,168,D7_RS000671,D7_RS000660
168,276,D7_RS000660,D7_RS000889
276,168,D7_RS000889,D7_RS000660
168,292,D7_RS000660,D7_RS000913
292,168,D7_RS000913,D7_RS000660
169,170,D7_RS000661,D7_RS000662
170,169,D7_RS000662,D7_RS000661
170,171,D7_RS000662,D7_RS000663
171,170,D7_RS000663,D7_RS000662
170,176,D7_RS000662,D7_RS000673
176,170,D7_RS000673,D7_RS000662
170,213,D7_RS000662,D7_RS000762
213,170,D7_RS000762,D7_RS000662
171,172,D7_RS000663,D7_RS000664
172,171,D7_RS000664,D7_RS000663
171,177,D7_RS000663,D7_RS000674
177,171,D7_RS000674,D7_RS000663
171,240,D7_RS000663,D7_RS000839
240,171,D7_RS000839,D7_RS000663
171,248,D7_RS000663,D7_RS000851
248,171,D7_RS000851,D7_RS000663
172,173,D7_RS000664,D7_RS000665
173,172,D7_RS000665,D7_RS000664
172,178,D7_RS000664,D7_RS000675
178,172,D7_RS000675,D7_RS000664
173,179,D7_RS000665,D7_RS000676
179,173,D7_RS000676,D7_RS000665
173,256,D7_RS000665,D7_RS000861
256,173,D7_RS000861,D7_RS000665
173,264,D7_RS000665,D7_RS000873
264,173,D7_RS000873,D7_RS000665
174,175,D7_RS000671,D7_RS000672
175,174,D7_RS000672,D7_RS000671
174,276,D7_RS000671,D7_RS000889
276,174,D7_RS000889,D7_RS000671
174,292,D7_RS000671,D7_RS000913
292,174,D7_RS000913,D7_RS000671
175,176,D7_RS000672,D7_RS000673
176,175,D7_RS000673,D7_RS000672
176,177,D7_RS000673,D7_RS000674
177,176,D7_RS000674,D7_RS000673
176,213,D7_RS000673,D7_RS000762
213,176,D7_RS000762,D7_RS000673
177,178,D7_RS000674,D7_RS000675
178,177,D7_RS000675,D7_RS000674
177,240,D7_RS000674,D7_RS000839
240,177,D7_RS000839,D7_RS000674
177,248,D7_RS000674,D7_RS000851
248,177,D7_RS000851,D7_RS000674
178,179,D7_RS000675,D7_RS000676
179,178,D7_RS000676,D7_RS000675
179,256,D7_RS000676,D7_RS000861
256,179,D7_RS000861,D7_RS000676
179,264,D7_RS000676,D7_RS000873
264,179,D7_RS000873,D7_RS000676
180,181,D7_RS000677,D7_RS000678
181,180,D7_RS000678,D7_RS000677
180,195,D7_RS000677,D7_RS000710
195,180,D7_RS000710,D7_RS000677
182,183,D7_RS000693,D7_RS000694
183,182,D7_RS000694,D7_RS000693
182,191,D7_RS000693,D7_RS000705
191,182,D7_RS000705,D7_RS000693
182,200,D7_RS000693,D7_RS000729
200,182,D7_RS000729,D7_RS000693
183,184,D7_RS000694,D7_RS000695
184,183,D7_RS000695,D7_RS000694
183,201,D7_RS000694,D7_RS000730
201,183,D7_RS000730,D7_RS000694
184,185,D7_RS000695,D7_RS000696
185,184,D7_RS000696,D7_RS000695
184,201,D7_RS000695,D7_RS000730
201,184,D7_RS000730,D7_RS000695
184,202,D7_RS000695,D7_RS000732
202,184,D7_RS000732,D7_RS000695
185,202,D7_RS000696,D7_RS000732
202,185,D7_RS000732,D7_RS000696
186,187,D7_RS000700,D7_RS000701
187,186,D7_RS000701,D7_RS000700
186,192,D7_RS000700,D7_RS000706
192,186,D7_RS000706,D7_RS000700
186,203,D7_RS000700,D7_RS000736
203,186,D7_RS000736,D7_RS000700
186,229,D7_RS000700,D7_RS000812
229,186,D7_RS000812,D7_RS000700
186,230,D7_RS000700,D7_RS000813
230,186,D7_RS000813,D7_RS000700
187,188,D7_RS000701,D7_RS000702
188,187,D7_RS000702,D7_RS000701
187,229,D7_RS000701,D7_RS000812
229,187,D7_RS000812,D7_RS000701
187,230,D7_RS000701,D7_RS000813
230,187,D7_RS000813,D7_RS000701
188,189,D7_RS000702,D7_RS000703
189,188,D7_RS000703,D7_RS000702
188,231,D7_RS000702,D7_RS000814
231,188,D7_RS000814,D7_RS000702
189,190,D7_RS000703,D7_RS000704
190,189,D7_RS000704,D7_RS000703
189,232,D7_RS000703,D7_RS000815
232,189,D7_RS000815,D7_RS000703
190,191,D7_RS000704,D7_RS000705
191,190,D7_RS000705,D7_RS000704
190,233,D7_RS000704,D7_RS000816
233,190,D7_RS000816,D7_RS000704
190,234,D7_RS000704,D7_RS000817
234,190,D7_RS000817,D7_RS000704
191,234,D7_RS000705,D7_RS000817
234,191,D7_RS000817,D7_RS000705
192,194,D7_RS000706,D7_RS000708
194,192,D7_RS000708,D7_RS000706
192,203,D7_RS000706,D7_RS000736
203,192,D7_RS000736,D7_RS000706
192,210,D7_RS000706,D7_RS000756
210,192,D7_RS000756,D7_RS000706
192,229,D7_RS000706,D7_RS000812
229,192,D7_RS000812,D7_RS000706
192,272,D7_RS000706,D7_RS000885
272,192,D7_RS000885,D7_RS000706
192,288,D7_RS000706,D7_RS000909
288,192,D7_RS000909,D7_RS000706
193,194,D7_RS000707,D7_RS000708
194,193,D7_RS000708,D7_RS000707
193,210,D7_RS000707,D7_RS000756
210,193,D7_RS000756,D7_RS000707
194,203,D7_RS000708,D7_RS000736
203,194,D7_RS000736,D7_RS000708
194,210,D7_RS000708,D7_RS000756
210,194,D7_RS000756,D7_RS000708
195,198,D7_RS000710,D7_RS000713
198,195,D7_RS000713,D7_RS000710
196,197,D7_RS000711,D7_RS000712
197,196,D7_RS000712,D7_RS000711
196,199,D7_RS000711,D7_RS000714
199,196,D7_RS000714,D7_RS000711
196,205,D7_RS000711,D7_RS000739
205,196,D7_RS000739,D7_RS000711
196,208,D7_RS000711,D7_RS000743
208,196,D7_RS000743,D7_RS000711
197,198,D7_RS000712,D7_RS000713
198,197,D7_RS000713,D7_RS000712
197,205,D7_RS000712,D7_RS000739
205,197,D7_RS000739,D7_RS000712
197,206,D7_RS000712,D7_RS000740
206,197,D7_RS000740,D7_RS000712
198,206,D7_RS000713,D7_RS000740
206,198,D7_RS000740,D7_RS000713
198,207,D7_RS000713,D7_RS000741
207,198,D7_RS000741,D7_RS000713
199,205,D7_RS000714,D7_RS000739
205,199,D7_RS000739,D7_RS000714
200,201,D7_RS000729,D7_RS000730
201,200,D7_RS000730,D7_RS000729
200,234,D7_RS000729,D7_RS000817
234,200,D7_RS000817,D7_RS000729
203,210,D7_RS000736,D7_RS000756
210,203,D7_RS000756,D7_RS000736
203,229,D7_RS000736,D7_RS000812
229,203,D7_RS000812,D7_RS000736
203,272,D7_RS000736,D7_RS000885
272,203,D7_RS000885,D7_RS000736
203,288,D7_RS000736,D7_RS000909
288,203,D7_RS000909,D7_RS000736
204,207,D7_RS000738,D7_RS000741
207,204,D7_RS000741,D7_RS000738
205,206,D7_RS000739,D7_RS000740
206,205,D7_RS000740,D7_RS000739
205,208,D7_RS000739,D7_RS000743
208,205,D7_RS000743,D7_RS000739
206,207,D7_RS000740,D7_RS000741
207,206,D7_RS000741,D7_RS000740
208,215,D7_RS000743,D7_RS000764
215,208,D7_RS000764,D7_RS000743
208,228,D7_RS000743,D7_RS000806
228,208,D7_RS000806,D7_RS000743
211,212,D7_RS000760,D7_RS000761
212,211,D7_RS000761,D7_RS000760
211,279,D7_RS000760,D7_RS000892
279,211,D7_RS000892,D7_RS000760
211,294,D7_RS000760,D7_RS000915
294,211,D7_RS000915,D7_RS000760
212,213,D7_RS000761,D7_RS000762
213,212,D7_RS000762,D7_RS000761
212,217,D7_RS000761,D7_RS000777
217,212,D7_RS000777,D7_RS000761
212,221,D7_RS000761,D7_RS000781
221,212,D7_RS000781,D7_RS000761
212,222,D7_RS000761,D7_RS000787
222,212,D7_RS000787,D7_RS000761
213,214,D7_RS000762,D7_RS000763
214,213,D7_RS000763,D7_RS000762
214,215,D7_RS000763,D7_RS000764
215,214,D7_RS000764,D7_RS000763
217,218,D7_RS000777,D7_RS000778
218,217,D7_RS000778,D7_RS000777
217,221,D7_RS000777,D7_RS000781
221,217,D7_RS000781,D7_RS000777
217,222,D7_RS000777,D7_RS000787
222,217,D7_RS000787,D7_RS000777
218,219,D7_RS000778,D7_RS000779
219,218,D7_RS000779,D7_RS000778
218,223,D7_RS000778,D7_RS000788
223,218,D7_RS000788,D7_RS000778
218,224,D7_RS000778,D7_RS000789
224,218,D7_RS000789,D7_RS000778
218,243,D7_RS000778,D7_RS000842
243,218,D7_RS000842,D7_RS000778
218,251,D7_RS000778,D7_RS000854
251,218,D7_RS000854,D7_RS000778
219,220,D7_RS000779,D7_RS000780
220,219,D7_RS000780,D7_RS000779
219,223,D7_RS000779,D7_RS000788
223,219,D7_RS000788,D7_RS000779
219,224,D7_RS000779,D7_RS000789
224,219,D7_RS000789,D7_RS000779
219,225,D7_RS000779,D7_RS000790
225,219,D7_RS000790,D7_RS000779
219,255,D7_RS000779,D7_RS000860
255,219,D7_RS000860,D7_RS000779
219,263,D7_RS000779,D7_RS000872
263,219,D7_RS000872,D7_RS000779
220,225,D7_RS000780,D7_RS000790
225,220,D7_RS000790,D7_RS000780
221,222,D7_RS000781,D7_RS000787
222,221,D7_RS000787,D7_RS000781
222,223,D7_RS000787,D7_RS000788
223,222,D7_RS000788,D7_RS000787
223,224,D7_RS000788,D7_RS000789
224,223,D7_RS000789,D7_RS000788
223,243,D7_RS000788,D7_RS000842
243,223,D7_RS000842,D7_RS000788
223,251,D7_RS000788,D7_RS000854
251,223,D7_RS000854,D7_RS000788
224,225,D7_RS000789,D7_RS000790
225,224,D7_RS000790,D7_RS000789
224,255,D7_RS000789,D7_RS000860
255,224,D7_RS000860,D7_RS000789
224,263,D7_RS000789,D7_RS000872
263,224,D7_RS000872,D7_RS000789
226,227,D7_RS000797,D7_RS000803
227,226,D7_RS000803,D7_RS000797
226,269,D7_RS000797,D7_RS000882
269,226,D7_RS000882,D7_RS000797
226,285,D7_RS000797,D7_RS000906
285,226,D7_RS000906,D7_RS000797
227,269,D7_RS000803,D7_RS000882
269,227,D7_RS000882,D7_RS000803
227,285,D7_RS000803,D7_RS000906
285,227,D7_RS000906,D7_RS000803
229,230,D7_RS000812,D7_RS000813
230,229,D7_RS000813,D7_RS000812
230,231,D7_RS000813,D7_RS000814
231,230,D7_RS000814,D7_RS000813
231,232,D7_RS000814,D7_RS000815
232,231,D7_RS000815,D7_RS000814
232,233,D7_RS000815,D7_RS000816
233,232,D7_RS000816,D7_RS000815
233,234,D7_RS000816,D7_RS000817
234,233,D7_RS000817,D7_RS000816
235,236,D7_RS000820,D7_RS000821
236,235,D7_RS000821,D7_RS000820
236,310,D7_RS000821,D7_RS000960
310,236,D7_RS000960,D7_RS000821
236,311,D7_RS000821,D7_RS000961
311,236,D7_RS000961,D7_RS000821
236,324,D7_RS000821,D7_RS000984
324,236,D7_RS000984,D7_RS000821
236,325,D7_RS000821,D7_RS000985
325,236,D7_RS000985,D7_RS000821
237,238,D7_RS000836,D7_RS000837
238,237,D7_RS000837,D7_RS000836
237,240,D7_RS000836,D7_RS000839
240,237,D7_RS000839,D7_RS000836
237,245,D7_RS000836,D7_RS000848
245,237,D7_RS000848,D7_RS000836
237,248,D7_RS000836,D7_RS000851
248,237,D7_RS000851,D7_RS000836
238,239,D7_RS000837,D7_RS000838
239,238,D7_RS000838,D7_RS000837
238,245,D7_RS000837,D7_RS000848
245,238,D7_RS000848,D7_RS000837
238,246,D7_RS000837,D7_RS000849
246,238,D7_RS000849,D7_RS000837
238,247,D7_RS000837,D7_RS000850
247,238,D7_RS000850,D7_RS000837
239,246,D7_RS000838,D7_RS000849
246,239,D7_RS000849,D7_RS000838
239,247,D7_RS000838,D7_RS000850
247,239,D7_RS000850,D7_RS000838
240,243,D7_RS000839,D7_RS000842
243,240,D7_RS000842,D7_RS000839
240,245,D7_RS000839,D7_RS000848
245,240,D7_RS000848,D7_RS000839
240,248,D7_RS000839,D7_RS000851
248,240,D7_RS000851,D7_RS000839
241,242,D7_RS000840,D7_RS000841
242,241,D7_RS000841,D7_RS000840
241,244,D7_RS000840,D7_RS000843
244,241,D7_RS000843,D7_RS000840
241,249,D7_RS000840,D7_RS000852
249,241,D7_RS000852,D7_RS000840
242,243,D7_RS000841,D7_RS000842
243,242,D7_RS000842,D7_RS000841
242,249,D7_RS000841,D7_RS000852
249,242,D7_RS000852,D7_RS000841
242,250,D7_RS000841,D7_RS000853
250,242,D7_RS000853,D7_RS000841
242,277,D7_RS000841,D7_RS000890
277,242,D7_RS000890,D7_RS000841
242,293,D7_RS000841,D7_RS000914
293,242,D7_RS000914,D7_RS000841
243,248,D7_RS000842,D7_RS000851
248,243,D7_RS000851,D7_RS000842
243,250,D7_RS000842,D7_RS000853
250,243,D7_RS000853,D7_RS000842
243,251,D7_RS000842,D7_RS000854
251,243,D7_RS000854,D7_RS000842
244,249,D7_RS000843,D7_RS000852
249,244,D7_RS000852,D7_RS000843
245,246,D7_RS000848,D7_RS000849
246,245,D7_RS000849,D7_RS000848
245,248,D7_RS000848,D7_RS000851
248,245,D7_RS000851,D7_RS000848
246,247,D7_RS000849,D7_RS000850
247,246,D7_RS000850,D7_RS000849
248,251,D7_RS000851,D7_RS000854
251,248,D7_RS000854,D7_RS000851
249,250,D7_RS000852,D7_RS000853
250,249,D7_RS000853,D7_RS000852
249,277,D7_RS000852,D7_RS000890
277,249,D7_RS000890,D7_RS000852
249,293,D7_RS000852,D7_RS000914
293,249,D7_RS000914,D7_RS000852
250,251,D7_RS000853,D7_RS000854
251,250,D7_RS000854,D7_RS000853
250,277,D7_RS000853,D7_RS000890
277,250,D7_RS000890,D7_RS000853
250,293,D7_RS000853,D7_RS000914
293,250,D7_RS000914,D7_RS000853
252,253,D7_RS000857,D7_RS000858
253,252,D7_RS000858,D7_RS000857
252,259,D7_RS000857,D7_RS000864
259,252,D7_RS000864,D7_RS000857
252,260,D7_RS000857,D7_RS000869
260,252,D7_RS000869,D7_RS000857
252,267,D7_RS000857,D7_RS000876
267,252,D7_RS000876,D7_RS000857
253,261,D7_RS000858,D7_RS000870
261,253,D7_RS000870,D7_RS000858
253,304,D7_RS000858,D7_RS000953
304,253,D7_RS000953,D7_RS000858
253,319,D7_RS000858,D7_RS000977
319,253,D7_RS000977,D7_RS000858
254,255,D7_RS000859,D7_RS000860
255,254,D7_RS000860,D7_RS000859
254,262,D7_RS000859,D7_RS000871
262,254,D7_RS000871,D7_RS000859
255,256,D7_RS000860,D7_RS000861
256,255,D7_RS000861,D7_RS000860
255,263,D7_RS000860,D7_RS000872
263,255,D7_RS000872,D7_RS000860
256,257,D7_RS000861,D7_RS000862
257,256,D7_RS000862,D7_RS000861
256,264,D7_RS000861,D7_RS000873
264,256,D7_RS000873,D7_RS000861
256,265,D7_RS000861,D7_RS000874
265,256,D7_RS000874,D7_RS000861
257,258,D7_RS000862,D7_RS000863
258,257,D7_RS000863,D7_RS000862
257,264,D7_RS000862,D7_RS000873
264,257,D7_RS000873,D7_RS000862
257,265,D7_RS000862,D7_RS000874
265,257,D7_RS000874,D7_RS000862
257,266,D7_RS000862,D7_RS000875
266,257,D7_RS000875,D7_RS000862
258,259,D7_RS000863,D7_RS000864
259,258,D7_RS000864,D7_RS000863
258,265,D7_RS000863,D7_RS000874
265,258,D7_RS000874,D7_RS000863
258,266,D7_RS000863,D7_RS000875
266,258,D7_RS000875,D7_RS000863
259,260,D7_RS000864,D7_RS000869
260,259,D7_RS000869,D7_RS000864
259,267,D7_RS000864,D7_RS000876
267,259,D7_RS000876,D7_RS000864
260,261,D7_RS000869,D7_RS000870
261,260,D7_RS000870,D7_RS000869
260,267,D7_RS000869,D7_RS000876
267,260,D7_RS000876,D7_RS000869
261,304,D7_RS000870,D7_RS000953
304,261,D7_RS000953,D7_RS000870
261,319,D7_RS000870,D7_RS000977
319,261,D7_RS000977,D7_RS000870
262,263,D7_RS000871,D7_RS000872
263,262,D7_RS000872,D7_RS000871
263,264,D7_RS000872,D7_RS000873
264,263,D7_RS000873,D7_RS000872
264,265,D7_RS000873,D7_RS000874
265,264,D7_RS000874,D7_RS000873
265,266,D7_RS000874,D7_RS000875
266,265,D7_RS000875,D7_RS000874
266,267,D7_RS000875,D7_RS000876
267,266,D7_RS000876,D7_RS000875
268,269,D7_RS000881,D7_RS000882
269,268,D7_RS000882,D7_RS000881
268,276,D7_RS000881,D7_RS000889
276,268,D7_RS000889,D7_RS000881
268,284,D7_RS000881,D7_RS000905
284,268,D7_RS000905,D7_RS000881
268,285,D7_RS000881,D7_RS000906
285,268,D7_RS000906,D7_RS000881
268,292,D7_RS000881,D7_RS000913
292,268,D7_RS000913,D7_RS000881
269,270,D7_RS000882,D7_RS000883
270,269,D7_RS000883,D7_RS000882
269,285,D7_RS000882,D7_RS000906
285,269,D7_RS000906,D7_RS000882
270,271,D7_RS000883,D7_RS000884
271,270,D7_RS000884,D7_RS000883
270,286,D7_RS000883,D7_RS000907
286,270,D7_RS000907,D7_RS000883
271,272,D7_RS000884,D7_RS000885
272,271,D7_RS000885,D7_RS000884
271,287,D7_RS000884,D7_RS000908
287,271,D7_RS000908,D7_RS000884
271,288,D7_RS000884,D7_RS000909
288,271,D7_RS000909,D7_RS000884
272,273,D7_RS000885,D7_RS000886
273,272,D7_RS000886,D7_RS000885
272,288,D7_RS000885,D7_RS000909
288,272,D7_RS000909,D7_RS000885
272,289,D7_RS000885,D7_RS000910
289,272,D7_RS000910,D7_RS000885
273,274,D7_RS000886,D7_RS000887
274,273,D7_RS000887,D7_RS000886
273,289,D7_RS000886,D7_RS000910
289,273,D7_RS000910,D7_RS000886
273,290,D7_RS000886,D7_RS000911
290,273,D7_RS000911,D7_RS000886
274,275,D7_RS000887,D7_RS000888
275,274,D7_RS000888,D7_RS000887
274,290,D7_RS000887,D7_RS000911
290,274,D7_RS000911,D7_RS000887
274,291,D7_RS000887,D7_RS000912
291,274,D7_RS000912,D7_RS000887
275,291,D7_RS000888,D7_RS000912
291,275,D7_RS000912,D7_RS000888
276,281,D7_RS000889,D7_RS000894
281,276,D7_RS000894,D7_RS000889
276,284,D7_RS000889,D7_RS000905
284,276,D7_RS000905,D7_RS000889
276,292,D7_RS000889,D7_RS000913
292,276,D7_RS000913,D7_RS000889
276,296,D7_RS000889,D7_RS000917
296,276,D7_RS000917,D7_RS000889
277,278,D7_RS000890,D7_RS000891
278,277,D7_RS000891,D7_RS000890
277,283,D7_RS000890,D7_RS000896
283,277,D7_RS000896,D7_RS000890
277,293,D7_RS000890,D7_RS000914
293,277,D7_RS000914,D7_RS000890
277,298,D7_RS000890,D7_RS000919
298,277,D7_RS000919,D7_RS000890
278,279,D7_RS000891,D7_RS000892
279,278,D7_RS000892,D7_RS000891
278,293,D7_RS000891,D7_RS000914
293,278,D7_RS000914,D7_RS000891
278,294,D7_RS000891,D7_RS000915
294,278,D7_RS000915,D7_RS000891
279,280,D7_RS000892,D7_RS000893
280,279,D7_RS000893,D7_RS000892
279,294,D7_RS000892,D7_RS000915
294,279,D7_RS000915,D7_RS000892
279,295,D7_RS000892,D7_RS000916
295,279,D7_RS000916,D7_RS000892
280,281,D7_RS000893,D7_RS000894
281,280,D7_RS000894,D7_RS000893
280,295,D7_RS000893,D7_RS000916
295,280,D7_RS000916,D7_RS000893
280,296,D7_RS000893,D7_RS000917
296,280,D7_RS000917,D7_RS000893
281,292,D7_RS000894,D7_RS000913
292,281,D7_RS000913,D7_RS000894
281,296,D7_RS000894,D7_RS000917
296,281,D7_RS000917,D7_RS000894
282,283,D7_RS000895,D7_RS000896
283,282,D7_RS000896,D7_RS000895
282,297,D7_RS000895,D7_RS000918
297,282,D7_RS000918,D7_RS000895
282,298,D7_RS000895,D7_RS000919
298,282,D7_RS000919,D7_RS000895
283,293,D7_RS000896,D7_RS000914
293,283,D7_RS000914,D7_RS000896
283,298,D7_RS000896,D7_RS000919
298,283,D7_RS000919,D7_RS000896
284,285,D7_RS000905,D7_RS000906
285,284,D7_RS000906,D7_RS000905
284,292,D7_RS000905,D7_RS000913
292,284,D7_RS000913,D7_RS000905
285,286,D7_RS000906,D7_RS000907
286,285,D7_RS000907,D7_RS000906
286,287,D7_RS000907,D7_RS000908
287,286,D7_RS000908,D7_RS000907
287,288,D7_RS000908,D7_RS000909
288,287,D7_RS000909,D7_RS000908
288,289,D7_RS000909,D7_RS000910
289,288,D7_RS000910,D7_RS000909
289,290,D7_RS000910,D7_RS000911
290,289,D7_RS000911,D7_RS000910
290,291,D7_RS000911,D7_RS000912
291,290,D7_RS000912,D7_RS000911
292,296,D7_RS000913,D7_RS000917
296,292,D7_RS000917,D7_RS000913
293,294,D7_RS000914,D7_RS000915
294,293,D7_RS000915,D7_RS000914
293,298,D7_RS000914,D7_RS000919
298,293,D7_RS000919,D7_RS000914
294,295,D7_RS000915,D7_RS000916
295,294,D7_RS000916,D7_RS000915
295,296,D7_RS000916,D7_RS000917
296,295,D7_RS000917,D7_RS000916
297,298,D7_RS000918,D7_RS000919
298,297,D7_RS000919,D7_RS000918
299,300,D7_RS000948,D7_RS000949
300,299,D7_RS000949,D7_RS000948
299,306,D7_RS000948,D7_RS000955
306,299,D7_RS000955,D7_RS000948
299,315,D7_RS000948,D7_RS000972
315,299,D7_RS000972,D7_RS000948
299,316,D7_RS000948,D7_RS000973
316,299,D7_RS000973,D7_RS000948
300,301,D7_RS000949,D7_RS000950
301,300,D7_RS000950,D7_RS000949
300,315,D7_RS000949,D7_RS000972
315,300,D7_RS000972,D7_RS000949
300,316,D7_RS000949,D7_RS000973
316,300,D7_RS000973,D7_RS000949
302,303,D7_RS000951,D7_RS000952
303,302,D7_RS000952,D7_RS000951
302,317,D7_RS000951,D7_RS000975
317,302,D7_RS000975,D7_RS000951
302,318,D7_RS000951,D7_RS000976
318,302,D7_RS000976,D7_RS000951
303,304,D7_RS000952,D7_RS000953
304,303,D7_RS000953,D7_RS000952
303,318,D7_RS000952,D7_RS000976
318,303,D7_RS000976,D7_RS000952
303,319,D7_RS000952,D7_RS000977
319,303,D7_RS000977,D7_RS000952
304,305,D7_RS000953,D7_RS000954
305,304,D7_RS000954,D7_RS000953
304,319,D7_RS000953,D7_RS000977
319,304,D7_RS000977,D7_RS000953
305,306,D7_RS000954,D7_RS000955
306,305,D7_RS000955,D7_RS000954
305,319,D7_RS000954,D7_RS000977
319,305,D7_RS000977,D7_RS000954
305,320,D7_RS000954,D7_RS000978
320,305,D7_RS000978,D7_RS000954
306,315,D7_RS000955,D7_RS000972
315,306,D7_RS000972,D7_RS000955
306,320,D7_RS000955,D7_RS000978
320,306,D7_RS000978,D7_RS000955
307,308,D7_RS000957,D7_RS000958
308,307,D7_RS000958,D7_RS000957
307,314,D7_RS000957,D7_RS000964
314,307,D7_RS000964,D7_RS000957
307,321,D7_RS000957,D7_RS000981
321,307,D7_RS000981,D7_RS000957
307,328,D7_RS000957,D7_RS000988
328,307,D7_RS000988,D7_RS000957
308,309,D7_RS000958,D7_RS000959
309,308,D7_RS000959,D7_RS000958
308,322,D7_RS000958,D7_RS000982
322,308,D7_RS000982,D7_RS000958
309,310,D7_RS000959,D7_RS000960
310,309,D7_RS000960,D7_RS000959
309,322,D7_RS000959,D7_RS000982
322,309,D7_RS000982,D7_RS000959
309,323,D7_RS000959,D7_RS000983
323,309,D7_RS000983,D7_RS000959
310,311,D7_RS000960,D7_RS000961
311,310,D7_RS000961,D7_RS000960
310,323,D7_RS000960,D7_RS000983
323,310,D7_RS000983,D7_RS000960
310,324,D7_RS000960,D7_RS000984
324,310,D7_RS000984,D7_RS000960
310,325,D7_RS000960,D7_RS000985
325,310,D7_RS000985,D7_RS000960
311,324,D7_RS000961,D7_RS000984
324,311,D7_RS000984,D7_RS000961
311,325,D7_RS000961,D7_RS000985
325,311,D7_RS000985,D7_RS000961
312,313,D7_RS000962,D7_RS000963
313,312,D7_RS000963,D7_RS000962
312,326,D7_RS000962,D7_RS000986
326,312,D7_RS000986,D7_RS000962
313,314,D7_RS000963,D7_RS000964
314,313,D7_RS000964,D7_RS000963
313,326,D7_RS000963,D7_RS000986
326,313,D7_RS000986,D7_RS000963
313,327,D7_RS000963,D7_RS000987
327,313,D7_RS000987,D7_RS000963
313,328,D7_RS000963,D7_RS000988
328,313,D7_RS000988,D7_RS000963
314,321,D7_RS000964,D7_RS000981
321,314,D7_RS000981,D7_RS000964
314,327,D7_RS000964,D7_RS000987
327,314,D7_RS000987,D7_RS000964
314,328,D7_RS000964,D7_RS000988
328,314,D7_RS000988,D7_RS000964
315,316,D7_RS000972,D7_RS000973
316,315,D7_RS000973,D7_RS000972
317,318,D7_RS000975,D7_RS000976
318,317,D7_RS000976,D7_RS000975
318,319,D7_RS000976,D7_RS000977
319,318,D7_RS000977,D7_RS000976
319,320,D7_RS000977,D7_RS000978
320,319,D7_RS000978,D7_RS000977
321,322,D7_RS000981,D7_RS000982
322,321,D7_RS000982,D7_RS000981
321,328,D7_RS000981,D7_RS000988
328,321,D7_RS000988,D7_RS000981
322,323,D7_RS000982,D7_RS000983
323,322,D7_RS000983,D7_RS000982
323,324,D7_RS000983,D7_RS000984
324,323,D7_RS000984,D7_RS000983
324,325,D7_RS000984,D7_RS000985
325,324,D7_RS000985,D7_RS000984
326,327,D7_RS000986,D7_RS000987
327,326,D7_RS000987,D7_RS000986
327,328,D7_RS000987,D7_RS000988
328,327,D7_RS000988,D7_RS000987
